minutes_to_match,last_match_time,total_matched,total_available,home_last_price_traded,home_back_1_price,home_back_1_size,home_lay_1_price,home_lay_1_size,home_back_2_price,home_back_2_size,home_lay_2_price,home_lay_2_size,home_back_3_price,home_back_3_size,home_lay_3_price,home_lay_3_size,away_last_price_traded,away_back_1_price,away_back_1_size,away_lay_1_price,away_lay_1_size,away_back_2_price,away_back_2_size,away_lay_2_price,away_lay_2_size,away_back_3_price,away_back_3_size,away_lay_3_price,away_lay_3_size,draw_last_price_traded,draw_back_1_price,draw_back_1_size,draw_lay_1_price,draw_lay_1_size,draw_back_2_price,draw_back_2_size,draw_lay_2_price,draw_lay_2_size,draw_back_3_price,draw_back_3_size,draw_lay_3_price,draw_lay_3_size
220,2023-04-26T15:02:53.122Z,194356.10340262236,356822.5742738413,4.1,4.1,177.01,4.2,2774.55,4.0,3227.8,4.3,1297.9,3.95,1209.05,4.4,3406.6,1.95,1.94,624.24,1.95,355.82,1.93,889.01,1.96,1332.93,1.92,1118.36,1.97,1204.41,4.1,4.1,434.49,4.2,5315.38,4.0,4255.46,4.3,6117.9,3.95,2697.93,4.4,5172.26
219,2023-04-26T15:05:01.039Z,194482.4734754744,357303.71895288106,4.2,4.1,177.01,4.2,2757.79,4.0,3301.95,4.3,1300.97,3.95,1217.19,4.4,3426.97,1.95,1.94,595.52,1.95,460.32,1.93,889.01,1.96,1332.93,1.92,1172.36,1.97,1204.41,4.1,4.1,424.33,4.2,5319.31,4.0,4306.4,4.3,6030.11,3.95,2697.93,4.4,5195.82
218,2023-04-26T15:05:01.039Z,194482.4734754744,357050.8109336079,4.2,4.1,177.01,4.2,2757.79,4.0,3259.48,4.3,1301.17,3.95,1217.19,4.4,3426.97,1.95,1.94,595.52,1.95,420.81,1.93,889.01,1.96,1332.93,1.92,1172.36,1.97,1204.41,4.1,4.1,424.33,4.2,5319.31,4.0,4287.14,4.3,5895.94,3.95,2697.93,4.4,5275.01
217,2023-04-26T15:04:19.316Z,194439.85136781604,356991.96852538944,4.2,4.1,177.01,4.2,2758.02,4.0,3241.56,4.3,1300.95,3.95,1217.19,4.4,3427.19,1.94,1.94,596.02,1.95,384.05,1.93,889.01,1.96,1332.93,1.92,1172.36,1.97,1204.41,4.1,4.1,424.33,4.2,5319.31,4.0,4269.22,4.3,5896.16,3.95,2697.93,4.4,5275.01
216,2023-04-26T15:05:57.775Z,194589.5019254744,357224.8207581178,4.2,4.1,177.01,4.2,2757.43,4.0,3276.08,4.3,1301.22,3.95,1213.83,4.4,3426.72,1.94,1.94,594.73,1.95,407.26,1.93,889.01,1.96,1326.15,1.92,1172.36,1.97,1204.41,4.1,4.1,424.22,4.2,5319.31,4.0,4280.54,4.3,6110.78,3.95,2694.57,4.4,5195.82
215,2023-04-26T15:07:21.295Z,194599.1685945264,357156.8768766156,4.1,4.1,179.43,4.2,2758.36,4.0,3284.34,4.3,1300.31,3.95,1195.25,4.4,3432.34,1.94,1.94,607.42,1.95,424.2,1.93,878.29,1.96,1331.21,1.92,1183.19,1.97,1214.77,4.1,4.1,424.22,4.2,5313.67,4.0,4288.79,4.3,6109.39,3.95,2699.73,4.4,5200.55
214,2023-04-26T15:07:21.295Z,194599.1685945264,357156.8768766156,4.1,4.1,179.43,4.2,2758.36,4.0,3284.34,4.3,1300.31,3.95,1195.25,4.4,3432.34,1.94,1.94,607.42,1.95,424.2,1.93,878.29,1.96,1331.21,1.92,1183.19,1.97,1214.77,4.1,4.1,424.22,4.2,5313.67,4.0,4288.79,4.3,6109.39,3.95,2699.73,4.4,5200.55
213,2023-04-26T15:10:34.041Z,194638.0896570519,357145.7171193822,4.1,4.1,179.43,4.2,2753.74,4.0,3299.66,4.3,1304.82,3.95,1195.25,4.4,3427.93,1.95,1.94,597.42,1.95,410.38,1.93,878.29,1.96,1331.21,1.92,1183.19,1.97,1214.77,4.1,4.1,424.22,4.2,5313.67,4.0,4282.06,4.3,6104.87,3.95,2699.73,4.4,5200.55
212,2023-04-26T15:12:09.550Z,194699.9075492137,357056.2015024763,4.1,4.1,179.43,4.2,2753.74,4.0,3310.67,4.3,1275.35,3.95,1195.25,4.4,3456.73,1.95,1.94,597.42,1.95,432.96,1.93,878.29,1.96,1331.21,1.92,1183.19,1.97,1214.77,4.1,4.1,393.31,4.2,5284.16,4.0,4293.07,4.3,6104.87,3.95,2699.73,4.4,5200.55
211,2023-04-26T15:10:34.041Z,194638.0896570519,357145.7171193822,4.1,4.1,179.43,4.2,2753.74,4.0,3299.66,4.3,1304.82,3.95,1195.25,4.4,3427.93,1.95,1.94,597.42,1.95,410.38,1.93,878.29,1.96,1331.21,1.92,1183.19,1.97,1214.77,4.1,4.1,424.22,4.2,5313.67,4.0,4282.06,4.3,6104.87,3.95,2699.73,4.4,5200.55
210,2023-04-26T15:13:11.020Z,195085.92651933743,356704.0882744784,4.1,4.1,170.39,4.2,2668.76,4.0,3324.43,4.3,1358.35,3.95,1195.25,4.4,3375.62,1.94,1.94,413.45,1.95,461.19,1.93,878.29,1.96,1312.31,1.92,1183.19,1.97,1214.77,4.1,4.1,393.31,4.2,5275.34,4.0,4306.83,4.3,6030.49,3.95,2699.73,4.4,5200.55
209,2023-04-26T15:14:11.897Z,195114.59859703056,356683.1048256471,4.1,4.1,170.39,4.2,2662.14,4.0,3324.43,4.3,1364.82,3.95,1195.25,4.4,3369.3,1.94,1.94,399.11,1.95,461.19,1.93,878.29,1.96,1312.31,1.92,1183.19,1.97,1214.77,4.1,4.1,393.31,4.2,5275.34,4.0,4306.83,4.3,6024.02,3.95,2699.73,4.4,5200.55
208,2023-04-26T15:14:11.897Z,195114.59859703056,356683.1048256471,4.1,4.1,170.39,4.2,2662.14,4.0,3324.43,4.3,1364.82,3.95,1195.25,4.4,3369.3,1.94,1.94,399.11,1.95,461.19,1.93,878.29,1.96,1312.31,1.92,1183.19,1.97,1214.77,4.1,4.1,393.31,4.2,5275.34,4.0,4306.83,4.3,6024.02,3.95,2699.73,4.4,5200.55
207,2023-04-26T15:15:00.078Z,195229.67037599089,356853.3359840888,4.1,4.1,170.39,4.2,2661.22,4.0,3387.49,4.3,1349.01,3.95,1195.25,4.4,3384.75,1.95,1.94,397.11,1.95,590.54,1.93,878.29,1.96,1312.31,1.92,1183.19,1.97,1214.77,4.1,4.1,375.77,4.2,5261.34,4.0,4382.43,4.3,6023.12,3.95,2699.73,4.4,5200.55
206,2023-04-26T15:17:35.506Z,195422.11819699983,356804.9846786366,4.1,4.1,170.39,4.2,2653.32,4.0,3205.69,4.3,1356.72,3.95,1210.38,4.4,3353.51,1.94,1.94,380.01,1.95,572.7,1.93,878.29,1.96,1342.79,1.92,1129.19,1.97,863.29,4.1,4.1,375.77,4.2,5261.34,4.0,4373.73,4.3,6015.4,3.95,2728.27,4.4,5176.99
205,2023-04-26T15:18:02.135Z,196299.0359405201,355466.33787596296,4.2,4.1,170.39,4.2,2214.86,4.0,3244.07,4.3,1356.72,3.95,1210.38,4.4,3353.51,1.94,1.94,380.01,1.95,572.7,1.93,878.29,1.96,1342.79,1.92,1129.19,1.97,863.29,4.1,4.1,375.77,4.2,5261.34,4.0,4373.73,4.3,6038.5,3.95,2728.27,4.4,5176.99
204,2023-04-26T15:18:02.135Z,196299.0359405201,355193.6433279645,4.2,4.1,170.39,4.2,2214.86,4.0,3244.07,4.3,1356.72,3.95,1210.38,4.4,3353.51,1.94,1.94,380.01,1.95,572.7,1.93,878.29,1.96,1342.79,1.92,1129.19,1.97,863.29,4.1,4.1,375.77,4.2,5261.34,4.0,4373.73,4.3,5765.8,3.95,2728.27,4.4,5176.99
203,2023-04-26T15:20:13.410Z,196506.06026422803,355697.33534824965,4.1,4.1,148.8,4.2,2166.89,4.0,3283.21,4.3,1479.2,3.95,1215.34,4.4,3290.16,1.95,1.94,302.13,1.95,649.5,1.93,868.29,1.96,1307.62,1.92,1300.19,1.97,715.29,4.2,4.1,467.38,4.2,5108.52,4.0,4378.25,4.3,6295.14,3.95,2733.23,4.4,5241.78
202,2023-04-26T15:21:06.365Z,196514.10445451865,355696.111878752,4.1,4.1,148.8,4.2,2166.89,4.0,3322.77,4.3,1479.2,3.95,1215.34,4.4,3290.16,1.95,1.94,302.13,1.95,649.5,1.93,868.29,1.96,1307.62,1.92,1300.19,1.97,795.61,4.2,4.1,467.38,4.2,5104.5,4.0,4378.25,4.3,6331.94,3.95,2733.23,4.4,5205.82
201,2023-04-26T15:21:06.365Z,196514.10445451865,355696.111878752,4.1,4.1,148.8,4.2,2166.89,4.0,3322.77,4.3,1479.2,3.95,1215.34,4.4,3290.16,1.95,1.94,302.13,1.95,649.5,1.93,868.29,1.96,1307.62,1.92,1300.19,1.97,795.61,4.2,4.1,467.38,4.2,5104.5,4.0,4378.25,4.3,6331.94,3.95,2733.23,4.4,5205.82
200,2023-04-26T15:22:57.159Z,197596.9473155468,356574.1848595684,4.1,4.0,3225.13,4.1,399.14,3.95,1310.03,4.2,1794.98,3.9,1946.24,4.3,1435.98,1.95,1.94,410.44,1.95,622.11,1.93,1721.22,1.96,996.35,1.92,1300.19,1.97,795.61,4.1,4.1,769.18,4.2,5218.97,4.0,4159.94,4.3,6221.67,3.95,2626.05,4.4,5249.42
199,2023-04-26T15:24:48.286Z,197887.9131955468,356233.07276701863,4.1,4.0,3204.37,4.1,378.43,3.95,1310.03,4.2,1814.8,3.9,1946.24,4.3,1416.63,1.95,1.94,453.34,1.95,579.52,1.93,1677.21,1.96,996.35,1.92,1300.19,1.97,795.61,4.1,4.1,748.93,4.2,5218.97,4.0,4159.47,4.3,6241.03,3.95,2626.53,4.4,5249.42
198,2023-04-26T15:22:57.159Z,197596.9473155468,356663.7709701506,4.1,4.0,3225.13,4.1,399.14,3.95,1310.03,4.2,1794.98,3.9,1946.24,4.3,1435.98,1.95,1.94,410.44,1.95,622.11,1.93,1721.22,1.96,996.35,1.92,1300.19,1.97,795.61,4.1,4.1,769.18,4.2,5218.97,4.0,4159.94,4.3,6221.67,3.95,2626.05,4.4,5249.42
197,2023-04-26T15:26:58.761Z,198662.01614124165,355869.3614407752,4.1,4.0,3297.95,4.1,328.93,3.95,1309.43,4.2,1783.43,3.9,1945.64,4.3,1352.23,1.95,1.94,431.45,1.95,574.71,1.93,1572.06,1.96,1001.3,1.92,1300.19,1.97,795.61,4.1,4.1,668.74,4.2,5218.97,4.0,4111.08,4.3,6230.42,3.95,2675.53,4.4,5249.42
196,2023-04-26T15:26:26.022Z,198154.57277124168,355960.9864810026,4.1,4.0,3295.53,4.1,351.2,3.95,1309.43,4.2,1794.06,3.9,1945.64,4.3,1341.85,1.95,1.94,454.47,1.95,574.71,1.93,1619.38,1.96,996.35,1.92,1300.19,1.97,795.61,4.1,4.1,668.74,4.2,5218.97,4.0,4133.91,4.3,6241.54,3.95,2652.41,4.4,5249.42
195,2023-04-26T15:26:26.022Z,198154.57277124168,355960.9864810026,4.1,4.0,3295.53,4.1,351.2,3.95,1309.43,4.2,1794.06,3.9,1945.64,4.3,1341.85,1.95,1.94,454.47,1.95,574.71,1.93,1619.38,1.96,996.35,1.92,1300.19,1.97,795.61,4.1,4.1,668.74,4.2,5218.97,4.0,4133.91,4.3,6241.54,3.95,2652.41,4.4,5249.42
194,2023-04-26T15:26:58.761Z,198662.01614124165,355804.3531821617,4.1,4.0,3276.33,4.1,328.93,3.95,1309.43,4.2,1783.43,3.9,1945.64,4.3,1354.98,1.95,1.94,431.45,1.95,575.6,1.93,1526.36,1.96,1001.3,1.92,1349.04,1.97,795.61,4.1,4.1,672.05,4.2,4957.8,4.0,4099.25,4.3,6490.46,3.95,2675.97,4.4,5250.69
193,2023-04-26T15:31:00.635Z,199956.0446537457,359454.30512820295,4.0,4.0,3197.81,4.1,217.56,3.95,1445.48,4.2,1787.56,3.9,2051.21,4.3,1801.91,1.95,1.94,412.25,1.95,196.14,1.93,1289.91,1.96,961.39,1.92,1477.9,1.97,1375.88,4.2,4.1,735.38,4.2,5213.57,4.0,3943.07,4.3,6006.56,3.95,2730.18,4.4,5386.14
192,2023-04-26T15:30:45.805Z,199812.63512263983,359046.1115078936,4.1,4.0,3214.24,4.1,217.56,3.95,1655.17,4.2,1787.56,3.9,2408.4,4.3,1784.24,1.94,1.94,412.25,1.95,266.95,1.93,567.96,1.96,1067.03,1.92,2203.61,1.97,2048.21,4.2,4.1,750.52,4.2,4952.4,4.0,3908.55,4.3,6266.6,3.95,2832.93,4.4,5306.97
191,2023-04-26T15:30:42.902Z,199808.11712263984,359049.436711116,4.1,4.0,3214.24,4.1,217.56,3.95,1655.17,4.2,1788.6,3.9,2408.4,4.3,1783.22,1.94,1.94,414.51,1.95,266.95,1.93,567.96,1.96,1067.03,1.92,2203.61,1.97,2048.21,4.2,4.1,750.52,4.2,4952.4,4.0,3908.55,4.3,6267.62,3.95,2832.93,4.4,5306.97
190,2023-04-26T15:33:28.444Z,200788.8497484166,355330.2559314543,4.1,4.0,3106.59,4.2,1619.35,3.95,1568.62,4.3,1955.54,,,4.4,2980.19,1.94,1.93,1063.9,1.95,303.79,1.92,1532.7,1.96,1032.92,,,1.97,1356.04,4.2,4.1,617.49,4.2,4947.37,4.0,4020.95,4.3,6121.72,3.95,2825.19,4.4,5575.11
189,2023-04-26T15:32:31.597Z,200784.3317484166,356365.80405845866,4.1,4.0,3088.86,4.2,1613.81,3.95,1778.38,4.3,1960.95,,,4.4,2869.55,1.94,1.93,1051.9,1.95,262.79,1.92,1291.28,1.96,1106.64,1.91,2469.71,1.97,1356.04,4.2,4.1,617.49,4.2,4941.83,4.0,4000.97,4.3,6129.28,3.95,2859.43,4.4,5462.37
188,2023-04-26T15:35:09.632Z,200924.21827361584,355084.91648868925,4.1,4.0,3062.29,4.2,1607.09,3.95,1568.62,4.3,1954.25,,,4.4,2979.74,1.95,1.93,1051.06,1.95,233.95,1.92,1532.7,1.96,1011.47,1.91,1994.55,1.97,1356.04,4.1,4.1,610.06,4.2,4941.44,4.0,3986.91,4.3,6117.74,3.95,2825.19,4.4,5579.0
187,2023-04-26T15:36:02.933Z,201712.66327361585,360070.91837196576,4.1,4.0,3381.3,4.2,1603.9,3.95,1793.64,4.3,2050.15,,,4.4,2783.45,1.94,1.93,217.03,1.94,454.11,1.92,2125.17,1.95,155.93,1.91,2214.99,1.96,1208.46,4.2,4.1,707.38,4.2,4860.85,4.0,4013.12,4.3,6314.97,3.95,2873.82,4.4,5427.59
186,2023-04-26T15:36:01.623Z,201402.95363361583,355635.926158903,4.1,4.0,3071.58,4.2,1672.94,3.95,1594.91,4.3,1935.05,,,4.4,2937.73,1.94,1.94,149.46,1.95,155.93,1.93,1044.16,1.96,1163.46,1.92,1389.5,1.97,1356.04,4.1,4.1,657.38,4.2,5007.29,4.0,3948.87,4.3,6098.54,3.95,2851.49,4.4,5535.28
185,2023-04-26T15:38:04.470Z,202682.0824561756,356533.3497752317,4.1,4.1,140.0,4.2,1650.37,4.0,3128.0,4.3,2254.16,3.95,1722.71,4.4,2854.12,1.95,1.94,100.6,1.95,465.45,1.93,1388.26,1.96,1160.7,1.92,1566.12,1.97,1361.96,4.2,4.1,754.7,4.2,4907.32,4.0,3943.76,4.3,6312.99,3.95,2802.87,4.4,5699.32
184,2023-04-26T15:38:04.470Z,202682.0824561756,356838.2787085881,4.1,4.1,140.0,4.2,1650.37,4.0,3141.76,4.3,2254.16,3.95,1722.71,4.4,2854.12,1.95,1.94,100.6,1.95,493.68,1.93,1388.26,1.96,1160.7,1.92,1566.12,1.97,1361.96,4.2,4.1,754.7,4.2,4907.32,4.0,3957.52,4.3,6312.99,3.95,2802.87,4.4,5699.32
183,2023-04-26T15:41:10.060Z,203138.89028254765,357307.87236065447,4.1,4.1,112.54,4.2,1633.52,4.0,3221.42,4.3,2250.27,3.95,1763.92,4.4,2857.99,1.94,1.93,763.67,1.95,670.93,1.92,2291.92,1.96,1154.15,,,1.97,2101.33,4.2,4.1,749.05,4.2,4758.57,4.0,4043.93,4.3,6288.3,3.95,2844.08,4.4,5723.51
182,2023-04-26T15:40:34.921Z,203078.8919390022,357387.6882884666,4.1,4.1,112.54,4.2,1635.04,4.0,3247.39,4.3,2248.78,3.95,1763.92,4.4,2859.45,1.94,1.94,100.59,1.95,670.93,1.93,666.37,1.96,1154.15,1.92,2291.92,1.97,2101.33,4.2,4.1,749.05,4.2,4786.8,4.0,4043.93,4.3,6286.81,3.95,2844.08,4.4,5724.97
181,2023-04-26T15:42:41.366Z,204184.12143732788,356493.2735611689,4.2,4.1,112.54,4.2,1707.15,4.0,3039.14,4.3,2130.44,3.95,1720.95,4.4,2975.1,1.94,1.94,253.7,1.95,336.44,1.93,666.37,1.96,1103.26,1.92,2291.92,1.97,2074.9,4.2,4.1,697.38,4.2,4865.81,4.0,4033.87,4.3,6080.79,3.95,2805.65,4.4,5787.69
180,2023-04-26T15:43:47.846Z,204295.61850308365,356295.7722690224,4.1,4.1,109.15,4.2,1344.55,4.0,3020.49,4.3,2342.52,3.95,1720.95,4.4,2767.84,1.94,1.94,252.8,1.95,298.19,1.93,666.37,1.96,1096.17,1.92,2291.92,1.97,2074.9,4.2,4.1,919.38,4.2,4860.58,4.0,4015.22,4.3,6083.62,3.95,2805.65,4.4,5787.69
179,2023-04-26T15:45:22.701Z,206800.2040876787,358591.0382906338,4.2,4.0,2891.44,4.2,1811.95,3.95,1671.53,4.3,1867.49,3.9,2010.47,4.4,3080.19,1.95,1.95,678.18,1.96,1144.41,1.94,582.46,1.97,1356.95,1.93,1515.96,1.98,4196.8,4.1,4.1,899.71,4.2,4757.43,4.0,3922.07,4.3,6642.45,3.95,2932.61,4.4,5618.77
178,2023-04-26T15:45:16.409Z,206777.83269767868,356884.84564308973,4.1,4.0,2901.44,4.2,1630.83,3.95,1659.22,4.3,2045.25,3.9,1737.44,4.4,2927.6,1.95,1.95,679.31,1.96,1119.6,1.94,187.31,1.97,1346.95,1.93,1388.42,1.98,4196.8,4.1,4.1,899.71,4.2,4743.43,4.0,3922.07,4.3,6464.68,3.95,2920.31,4.4,5639.9
177,2023-04-26T15:45:22.701Z,206800.2040876787,348914.463340287,4.2,4.0,2127.98,4.2,1939.78,3.95,1467.42,4.3,1317.04,3.9,1947.83,4.4,2892.21,1.95,1.95,678.18,1.96,1046.37,1.94,582.46,1.97,475.77,1.93,1500.13,1.98,3901.96,4.1,4.1,672.69,4.2,4757.43,4.0,4055.32,4.3,6369.75,3.95,2512.27,4.4,5395.5
176,2023-04-26T15:48:25.072Z,208525.89508168973,349122.17226765555,4.0,4.0,2583.39,4.2,1531.95,3.95,1463.07,4.3,2029.82,,,4.4,2472.58,1.95,1.94,583.67,1.95,104.29,1.93,1398.13,1.96,1655.87,1.92,1072.41,1.97,653.12,4.2,4.1,916.89,4.2,4778.92,4.0,4090.93,4.3,6017.42,3.95,2857.03,4.4,5459.35
175,2023-04-26T15:47:28.192Z,208506.1295335181,347279.80093506904,4.2,4.0,2556.39,4.2,1646.09,3.95,1495.0,4.3,1580.03,3.9,2033.34,4.4,2438.94,1.94,1.94,651.28,1.96,1695.34,1.93,1449.71,1.97,655.38,1.92,1020.48,,,4.1,4.1,681.97,4.2,4747.51,4.0,4176.45,4.3,6093.25,3.95,2888.97,4.4,5380.2
174,2023-04-26T15:48:25.072Z,208525.89508168973,349456.2850998932,4.0,4.0,2583.39,4.2,1614.83,3.95,1463.07,4.3,2029.82,,,4.4,2472.58,1.95,1.94,583.67,1.95,104.29,1.93,1398.13,1.96,1655.87,1.92,1253.71,1.97,653.12,4.2,4.1,916.89,4.2,4778.92,4.0,4100.41,4.3,6017.42,3.95,2820.39,4.4,5459.35
173,2023-04-26T15:49:41.280Z,208569.8585723804,363139.6789961003,4.1,4.0,2566.86,4.2,1619.52,3.95,1463.07,4.3,2323.5,,,4.4,2882.81,1.95,1.94,593.83,1.96,1725.75,1.93,1398.13,1.97,653.12,1.92,1269.32,,,4.2,4.1,909.58,4.2,4773.93,4.0,4094.31,4.3,6033.84,3.95,3026.51,4.4,6062.17
172,2023-04-26T15:51:39.068Z,208816.84690027,364840.5373344423,4.1,4.0,2501.2,4.2,1731.63,3.95,1463.07,4.3,2243.84,3.9,3015.57,,,1.94,1.94,824.2,1.96,1589.57,1.93,1438.06,1.97,653.12,1.92,1392.03,,,4.2,4.1,941.02,4.2,4733.01,4.0,4042.69,4.3,6365.74,3.95,3025.01,4.4,5787.36
171,2023-04-26T15:51:35.162Z,208803.56448979187,364833.79182789713,4.1,4.0,2501.2,4.2,1731.63,3.95,1463.07,4.3,2237.38,3.9,3015.57,,,1.94,1.94,824.2,1.96,1589.57,1.93,1438.06,1.97,653.12,1.92,1392.03,,,4.2,4.1,934.24,4.2,4739.65,4.0,4042.69,4.3,6365.74,3.95,3025.01,4.4,5787.36
170,2023-04-26T15:53:55.008Z,208995.96057742523,364902.7041391579,4.1,4.0,2447.03,4.2,1807.57,3.95,1454.0,4.3,2144.09,3.9,2842.26,4.4,3111.68,1.95,1.94,1023.53,1.96,1554.38,1.93,1403.78,1.97,642.77,1.92,1573.35,1.98,4411.41,4.1,4.1,914.38,4.2,4725.87,4.0,4102.51,4.3,6462.63,3.95,2931.09,4.4,5787.36
169,2023-04-26T15:52:35.574Z,208978.91771167124,364638.4877225671,4.1,4.0,2447.03,4.2,1703.28,3.95,1459.16,4.3,2254.09,3.9,2837.06,4.4,3004.19,1.95,1.94,797.73,1.96,1554.38,1.93,1403.78,1.97,653.12,1.92,1573.35,1.98,4418.8,4.1,4.1,922.9,4.2,4725.87,4.0,4102.51,4.3,6360.76,3.95,2936.25,4.4,5787.36
168,2023-04-26T15:53:55.008Z,208995.96057742523,364902.7041391579,4.1,4.0,2447.03,4.2,1807.57,3.95,1454.0,4.3,2144.09,3.9,2842.26,4.4,3111.68,1.95,1.94,1023.53,1.96,1554.38,1.93,1403.78,1.97,642.77,1.92,1573.35,1.98,4411.41,4.1,4.1,914.38,4.2,4725.87,4.0,4102.51,4.3,6462.63,3.95,2931.09,4.4,5787.36
167,2023-04-26T15:56:36.768Z,209047.73999354703,366065.4499494516,4.1,4.0,2210.07,4.2,1835.88,3.95,1714.23,4.3,2128.25,3.9,2873.53,4.4,3141.11,1.95,1.94,1070.51,1.96,1543.76,1.93,1519.73,1.97,485.77,,,1.98,4423.1,4.2,4.1,919.41,4.2,4727.61,4.0,4103.82,4.3,6476.89,3.95,2925.14,4.4,5801.31
166,2023-04-26T15:55:16.775Z,209029.08578501412,365663.8201632493,4.1,4.0,2210.07,4.2,1839.81,3.95,1714.23,4.3,2122.87,3.9,2762.96,4.4,3146.37,1.95,1.94,1070.51,1.96,1543.76,1.93,1528.07,1.97,485.77,,,1.98,4411.41,4.1,4.1,913.76,4.2,4733.01,4.0,4107.85,4.3,6476.89,3.95,2921.06,4.4,5801.31
165,2023-04-26T15:58:46.004Z,209129.0561084293,364092.2018606861,4.1,4.0,2273.58,4.2,1858.55,3.95,1723.1,4.3,2098.87,,,4.4,3234.2,1.94,1.94,1120.32,1.96,1604.22,1.93,1570.52,1.97,579.18,1.92,1398.99,1.98,4762.42,4.2,4.1,912.1,4.2,4740.04,4.0,4048.87,4.3,6470.44,3.95,3025.6,4.4,5866.01
164,2023-04-26T15:58:22.476Z,209209.144590422,365123.0922719405,4.1,4.0,2211.68,4.2,1831.58,3.95,1677.17,4.3,2134.88,3.9,2875.31,4.4,3137.87,1.95,1.94,1059.47,1.96,1468.39,1.93,1520.67,1.97,486.07,1.92,1491.11,1.98,4425.84,4.2,4.1,920.21,4.2,4726.35,4.0,4106.13,4.3,6475.6,3.95,2889.07,4.4,5804.9
163,2023-04-26T15:58:46.004Z,209258.7198278942,365106.476925569,4.1,4.0,2274.99,4.2,1859.7,3.95,1724.17,4.3,2302.44,,,4.4,3038.53,1.94,1.94,1121.02,1.96,1605.21,1.93,1571.49,1.97,579.54,1.92,1399.86,1.98,5204.63,4.2,4.1,1124.8,4.2,4742.98,4.0,4051.38,4.3,6474.45,3.95,3027.47,4.4,5869.65
162,2023-04-26T16:01:02.401Z,209252.0194308654,364412.7956911908,4.1,4.0,2302.78,4.2,1755.11,3.95,1713.0,4.3,2389.14,,,4.4,2952.52,1.96,1.94,894.77,1.96,1614.66,1.93,1570.95,1.97,579.3,1.92,1399.37,1.98,5163.07,4.1,4.1,1120.28,4.2,4757.26,4.0,4049.05,4.3,6354.67,3.95,3015.52,4.4,5866.87
161,2023-04-26T16:01:51.553Z,209294.04427086536,367852.17489492777,4.1,4.0,2241.49,4.2,2884.79,3.95,1740.53,4.3,2389.05,,,4.4,2952.46,1.95,1.94,894.77,1.96,1756.8,1.93,1570.95,1.97,554.72,1.92,1399.37,,,4.1,4.1,1120.28,4.2,4769.61,4.0,4065.22,4.3,6342.61,3.95,3043.05,4.4,5866.87
160,2023-04-26T16:03:01.274Z,209325.9000970348,367216.1831330691,4.1,4.0,2278.95,4.2,2956.18,3.95,1440.55,4.3,2312.01,,,4.4,2984.32,1.95,1.94,1049.32,1.95,120.83,1.93,1471.95,1.96,1108.1,1.92,1399.37,1.97,704.72,4.1,4.1,1110.94,4.2,4765.56,4.0,4106.83,4.3,6416.29,3.95,2743.07,4.4,5823.45
159,2023-04-26T16:04:14.690Z,209826.22894962507,366163.0647446816,4.1,4.0,2310.09,4.2,2880.22,3.95,1500.79,4.3,2384.61,,,4.4,2807.77,1.94,1.94,884.86,1.95,150.37,1.93,1471.95,1.96,1185.07,1.92,1157.36,1.97,337.26,4.1,4.1,1110.94,4.2,4749.68,4.0,4121.23,4.3,6357.6,3.95,2803.31,4.4,5717.84
158,2023-04-26T16:04:07.279Z,209793.6942696251,366140.79438130674,4.1,4.0,2271.28,4.2,2886.69,3.95,1440.55,4.3,2378.29,,,4.4,2813.94,1.94,1.94,898.86,1.96,1145.5,1.93,1471.95,1.97,486.9,1.92,1157.36,,,4.1,4.1,1110.94,4.2,4765.56,4.0,4066.16,4.3,6348.41,3.95,2743.07,4.4,5717.84
156,2023-04-26T16:06:13.561Z,209979.4575833087,369194.0061392666,4.0,4.0,2532.3,4.1,108.93,3.95,1235.78,4.2,3001.59,3.9,2499.29,4.3,2625.82,1.95,1.94,991.4,1.95,128.55,1.93,1703.35,1.96,1101.09,1.92,1520.26,1.97,400.34,4.1,4.1,1624.73,4.2,4714.53,4.0,4236.89,4.3,6247.84,3.95,2577.31,4.4,5971.61
155,2023-04-26T16:07:56.993Z,210983.0038121097,365863.5072551188,4.1,4.1,121.79,4.2,2930.88,4.0,2301.99,4.3,2538.45,3.95,1246.49,4.4,2997.57,1.95,1.94,1017.84,1.95,159.17,1.93,1471.95,1.96,1355.86,1.92,1157.35,1.97,359.05,4.1,4.1,1279.42,4.2,4832.17,4.0,4118.03,4.3,6144.86,3.95,2814.03,4.4,5971.61
154,2023-04-26T16:08:57.782Z,211264.4540311684,367020.1939527728,4.2,4.1,693.51,4.2,2830.78,4.0,2461.78,4.3,2094.58,3.95,1271.4,4.4,3272.95,1.95,1.94,901.73,1.95,486.93,1.93,1471.95,1.96,2551.79,1.92,1338.86,1.97,359.05,4.1,4.1,803.74,4.2,5129.79,4.0,4257.45,4.3,6058.01,3.95,2814.03,4.4,5721.2
153,2023-04-26T16:08:57.782Z,211264.4540311684,366934.5213091831,4.2,4.1,693.51,4.2,2830.78,4.0,2461.78,4.3,2080.03,3.95,1261.07,4.4,3287.17,1.95,1.94,901.73,1.95,486.93,1.93,1471.95,1.96,2551.79,1.92,1157.35,1.97,359.05,4.1,4.1,788.08,4.2,5129.79,4.0,4285.3,4.3,6058.01,3.95,2814.03,4.4,5721.2
152,2023-04-26T16:11:00.315Z,211829.3058101684,366742.0000262204,4.2,4.1,693.51,4.2,2830.78,4.0,2359.39,4.3,2094.58,3.95,1271.36,4.4,3272.95,1.95,1.94,901.73,1.95,276.9,1.93,1471.95,1.96,2551.79,1.92,1338.86,1.97,359.05,4.1,4.1,803.74,4.2,5129.79,4.0,4155.06,4.3,6058.01,3.95,2814.03,4.4,5721.2
151,2023-04-26T16:12:15.679Z,212466.32975537493,366188.7435481628,4.1,4.1,691.25,4.2,2952.38,4.0,2215.99,4.3,2071.36,3.95,1261.89,4.4,3197.05,1.94,1.94,1008.28,1.96,2565.16,1.93,1471.95,1.97,340.06,1.92,1112.92,,,4.1,4.1,829.79,4.2,5146.92,4.0,4110.58,4.3,6007.78,3.95,2725.26,4.4,5671.69
150,2023-04-26T16:12:15.679Z,212466.32975537493,366067.70244041976,4.1,4.1,691.25,4.2,2952.38,4.0,2215.99,4.3,2041.97,3.95,1261.89,4.4,3225.77,1.94,1.94,1008.28,1.96,2565.16,1.93,1471.95,1.97,340.06,1.92,1112.92,,,4.1,4.1,798.98,4.2,5146.92,4.0,4110.58,4.3,6007.78,3.95,2725.26,4.4,5671.69
149,2023-04-26T16:12:15.679Z,212466.32975537493,366188.7435481628,4.1,4.1,691.25,4.2,2952.38,4.0,2215.99,4.3,2071.36,3.95,1261.89,4.4,3197.05,1.94,1.94,1008.28,1.96,2565.16,1.93,1471.95,1.97,340.06,1.92,1112.92,,,4.1,4.1,829.79,4.2,5146.92,4.0,4110.58,4.3,6007.78,3.95,2725.26,4.4,5671.69
148,2023-04-26T16:15:21.817Z,218409.32296251925,363461.75353120815,4.1,4.0,2408.46,4.2,2940.52,3.95,1047.28,4.3,1960.1,,,4.4,3290.69,1.94,1.94,2016.36,1.95,136.22,1.93,749.75,1.96,1568.96,1.92,1294.42,1.97,657.5,4.1,4.1,602.77,4.2,4757.47,4.0,4378.64,4.3,6625.26,3.95,2833.65,4.4,5556.23
147,2023-04-26T16:16:07.065Z,218555.9397818698,364778.84784582886,4.1,4.0,2589.61,4.2,2928.39,3.95,1401.09,4.3,2111.85,,,4.4,3290.69,1.94,1.94,1970.89,1.95,475.13,1.93,749.75,1.96,1441.61,1.92,1294.42,1.97,659.01,4.1,4.1,590.34,4.2,4698.04,4.0,4522.06,4.3,6662.79,3.95,2943.6,4.4,5556.23
146,2023-04-26T16:16:34.091Z,218570.05559886977,364766.8566386312,4.1,4.0,2583.56,4.2,2928.39,3.95,1401.09,4.3,2111.4,,,4.4,3290.69,1.94,1.94,1969.88,1.95,475.13,1.93,749.75,1.96,1428.95,1.92,1294.42,1.97,659.01,4.1,4.1,590.34,4.2,4692.13,4.0,4522.06,4.3,6668.11,3.95,2943.6,4.4,5556.23
145,2023-04-26T16:16:07.065Z,218555.9397818698,364138.1923798515,4.1,4.0,2347.58,4.2,2928.39,3.95,1401.09,4.3,2111.85,,,4.4,3290.69,1.94,1.94,1970.89,1.95,136.22,1.93,749.75,1.96,1441.61,1.92,1294.42,1.97,659.01,4.1,4.1,590.34,4.2,4698.04,4.0,4465.81,4.3,6662.79,3.95,2834.4,4.4,5556.23
144,2023-04-26T16:18:33.661Z,218738.89601107055,367533.0326482202,4.1,4.0,2608.13,4.2,2951.53,3.95,1666.11,4.3,2112.37,3.9,2678.78,4.4,3290.69,1.94,1.94,1967.02,1.95,614.27,1.93,760.55,1.96,1379.79,1.92,1294.51,1.97,759.25,4.1,4.1,593.06,4.2,4669.23,4.0,4577.19,4.3,6689.18,3.95,2943.6,4.4,5556.23
143,2023-04-26T16:18:06.010Z,218738.6700710706,367555.6939229013,4.1,4.0,2608.13,4.2,2951.53,3.95,1666.11,4.3,2112.42,3.9,2678.78,4.4,3290.69,1.95,1.94,1967.13,1.95,614.27,1.93,760.55,1.96,1379.79,1.92,1294.51,1.97,759.25,4.1,4.1,593.06,4.2,4669.23,4.0,4584.68,4.3,6689.24,3.95,2943.6,4.4,5556.23
142,2023-04-26T16:21:25.685Z,220787.54878577008,364378.9095362642,4.1,4.1,172.19,4.2,2695.87,4.0,2419.65,4.3,1889.85,3.95,1615.5,4.4,3651.94,1.94,1.94,1306.0,1.95,210.65,1.93,1573.31,1.96,1634.01,1.92,1112.99,1.97,506.2,4.2,4.1,593.62,4.2,4558.94,4.0,4305.95,4.3,6227.4,3.95,2892.99,4.4,5917.47
141,2023-04-26T16:22:56.396Z,221268.67052767065,365708.81604532624,4.1,4.0,2449.47,4.2,2862.11,3.95,1615.5,4.3,2119.21,,,4.4,3272.32,1.94,1.94,1201.22,1.95,210.65,1.93,1573.31,1.96,1336.21,1.92,1093.96,1.97,580.76,4.2,4.1,970.14,4.2,4324.04,4.0,4308.87,4.3,6315.87,3.95,2892.99,4.4,5917.47
140,2023-04-26T16:21:25.685Z,220787.54878577008,364378.9095362642,4.1,4.1,172.19,4.2,2695.87,4.0,2419.65,4.3,1889.85,3.95,1615.5,4.4,3651.94,1.94,1.94,1306.0,1.95,210.65,1.93,1573.31,1.96,1634.01,1.92,1112.99,1.97,506.2,4.2,4.1,593.62,4.2,4558.94,4.0,4305.95,4.3,6227.4,3.95,2892.99,4.4,5917.47
139,2023-04-26T16:24:41.759Z,221393.47906929543,364797.46223424247,4.2,4.0,2456.08,4.2,2838.05,3.95,1628.58,4.3,2086.95,,,4.4,3206.02,1.94,1.94,1155.91,1.95,237.65,1.93,1462.31,1.96,1342.45,1.92,1245.96,1.97,607.0,4.2,4.1,1036.66,4.2,4278.95,4.0,4179.03,4.3,6394.59,3.95,2906.08,4.4,5935.11
138,2023-04-26T16:23:24.521Z,221273.18932767064,365483.1288598499,4.1,4.0,2449.47,4.2,2861.06,3.95,1615.5,4.3,2120.23,,,4.4,3269.35,1.94,1.94,1198.96,1.95,210.65,1.93,1573.31,1.96,1336.21,1.92,1093.96,1.97,580.76,4.2,4.1,970.14,4.2,4324.04,4.0,4308.87,4.3,6314.85,3.95,2892.99,4.4,5917.47
137,2023-04-26T16:24:41.759Z,221393.47906929543,364966.4390555352,4.2,4.0,2608.59,4.2,2838.05,3.95,1628.58,4.3,2048.22,,,4.4,3243.87,1.94,1.94,1155.91,1.95,237.65,1.93,1462.31,1.96,1342.45,1.92,1245.96,1.97,607.0,4.2,4.1,1036.66,4.2,4278.95,4.0,4137.4,4.3,6394.59,3.95,2906.08,4.4,5935.11
136,2023-04-26T16:27:13.035Z,221565.2370681684,366134.0822917885,4.1,4.0,2577.76,4.2,2847.11,3.95,1628.58,4.3,2289.78,,,4.4,3180.88,1.95,1.94,1155.96,1.95,185.67,1.93,1462.31,1.96,1345.62,1.92,1245.96,1.97,607.0,4.2,4.1,1036.66,4.2,4280.43,4.0,4153.36,4.3,6452.16,3.95,2904.72,4.4,5934.24
135,2023-04-26T16:27:13.035Z,221565.2370681684,366217.2598460513,4.1,4.0,2577.76,4.2,2847.11,3.95,1628.58,4.3,2289.78,,,4.4,3180.88,1.95,1.94,1155.96,1.95,185.67,1.93,1462.31,1.96,1345.62,1.92,1245.96,1.97,607.0,4.2,4.1,1036.66,4.2,4280.43,4.0,4153.36,4.3,6452.16,3.95,2904.72,4.4,5934.24
134,2023-04-26T16:27:13.035Z,221565.2370681684,366130.3354436184,4.1,4.0,2577.76,4.2,2846.16,3.95,1628.58,4.3,2290.07,,,4.4,3180.59,1.95,1.94,1155.96,1.95,185.67,1.93,1462.31,1.96,1345.62,1.92,1243.89,1.97,607.0,4.2,4.1,1036.66,4.2,4280.43,4.0,4153.68,4.3,6452.16,3.95,2904.72,4.4,5934.24
133,2023-04-26T16:31:11.047Z,221854.2125767856,366195.9693670216,4.1,4.0,2599.26,4.2,2826.56,3.95,1615.5,4.3,3007.47,,,4.4,2468.6,1.95,1.94,1155.96,1.95,126.34,1.93,1462.45,1.96,1466.39,1.92,1244.11,1.97,672.27,4.2,4.1,1785.39,4.2,4335.92,4.0,4206.32,4.3,6337.11,3.95,2876.0,4.4,5934.39
132,2023-04-26T16:29:24.029Z,221689.5717280257,366176.1414766844,4.1,4.0,2574.83,4.2,2871.01,3.95,1615.5,4.3,3006.15,3.9,2633.2,4.4,2468.6,1.95,1.94,1155.96,1.95,160.23,1.93,1462.45,1.96,1277.98,1.92,1244.11,1.97,672.27,4.2,4.1,1785.39,4.2,4248.86,4.0,4207.06,4.3,6422.99,3.95,2891.64,4.4,5934.39
131,2023-04-26T16:30:55.338Z,221850.21267307125,365920.1364646231,4.2,4.0,2551.27,4.2,2826.56,3.95,1615.5,4.3,3006.15,,,4.4,2468.6,1.95,1.94,1155.96,1.95,126.34,1.93,1462.45,1.96,1366.01,1.92,1244.11,1.97,672.27,4.2,4.1,1785.39,4.2,4289.94,4.0,4206.32,4.3,6382.87,3.95,2876.0,4.4,5934.39
130,2023-04-26T16:33:25.110Z,222006.5778380935,368139.9492218612,4.1,4.0,2518.88,4.2,2832.52,3.95,1450.03,4.3,3345.19,,,4.4,2252.17,1.96,1.94,1151.74,1.96,1650.73,1.93,1571.46,1.97,518.63,1.92,1092.11,1.98,6751.18,4.1,4.1,2114.77,4.2,4328.32,4.0,4293.5,4.3,6382.63,3.95,2913.18,4.4,5915.88
129,2023-04-26T16:33:11.111Z,222006.5565410935,368139.964053144,4.1,4.0,2518.88,4.2,2832.52,3.95,1450.03,4.3,3345.19,,,4.4,2252.17,1.96,1.94,1151.74,1.96,1650.74,1.93,1571.46,1.97,518.63,1.92,1092.11,1.98,6751.18,4.1,4.1,2114.77,4.2,4328.32,4.0,4293.5,4.3,6382.63,3.95,2913.19,4.4,5915.88
128,2023-04-26T16:33:25.110Z,222006.5778380935,367608.0374984568,4.1,4.0,2518.88,4.2,2832.52,3.95,1450.03,4.3,3345.19,,,4.4,2252.17,1.96,1.94,1151.74,1.96,1650.73,1.93,1571.46,1.97,518.63,1.92,1092.11,1.98,6751.18,4.1,4.1,2114.77,4.2,4328.32,4.0,4293.5,4.3,6382.63,3.95,2913.18,4.4,5915.88
127,2023-04-26T16:36:39.646Z,222338.154709024,367056.05705268,4.0,4.0,2438.03,4.2,2959.89,3.95,1096.98,4.3,3280.43,3.9,2962.22,4.4,2251.39,1.95,1.94,1172.28,1.96,1509.87,1.93,1472.45,1.97,581.0,1.92,1246.81,,,4.2,4.1,2109.97,4.2,4234.7,4.0,4373.07,4.3,6472.25,3.95,2842.56,4.4,5853.89
126,2023-04-26T16:37:13.396Z,222500.33830908075,368403.8662639129,4.1,4.0,2443.14,4.1,173.87,3.95,1361.99,4.2,2951.93,3.9,2889.75,4.3,3324.61,1.94,1.94,1162.43,1.96,1509.87,1.93,1968.34,1.97,447.91,1.92,1058.42,,,4.2,4.1,2138.45,4.2,4234.7,4.0,4481.72,4.3,6467.81,3.95,2739.93,4.4,5897.06
125,2023-04-26T16:36:42.554Z,222357.8618954352,367698.1482787008,4.0,4.0,2443.14,4.2,2955.34,3.95,1361.99,4.3,3280.43,3.9,2882.9,4.4,2266.57,1.94,1.94,1162.43,1.96,1509.87,1.93,1472.45,1.97,434.36,1.92,1246.81,,,4.2,4.1,2121.6,4.2,4234.7,4.0,4373.07,4.3,6467.81,3.95,2842.56,4.4,5853.89
124,2023-04-26T16:39:12.051Z,222592.99305702743,369931.0122457275,4.1,4.0,2734.7,4.1,158.24,3.95,1370.02,4.2,3118.29,3.9,2900.43,4.3,3126.64,1.94,1.94,1498.82,1.95,654.5,1.93,1935.15,1.96,1474.45,1.92,1077.52,1.97,443.22,4.1,4.1,2297.06,4.2,4220.0,4.0,4389.35,4.3,6626.54,3.95,2999.22,4.4,5912.36
123,2023-04-26T16:38:33.047Z,222582.19289240203,369839.1127576655,4.1,4.0,2734.7,4.1,158.24,3.95,1370.02,4.2,2962.49,3.9,2889.75,4.3,3340.27,1.94,1.94,1161.53,1.95,654.5,1.93,1935.15,1.96,1474.45,1.92,1077.52,1.97,443.22,4.2,4.1,2300.84,4.2,4220.0,4.0,4389.35,4.3,6474.37,3.95,2999.22,4.4,5912.36
122,2023-04-26T16:42:04.792Z,223305.70846302668,366508.5772435697,4.0,4.0,2782.66,4.1,135.9,3.95,1950.28,4.2,1893.9,3.9,2454.4,4.3,2958.15,1.94,1.94,1477.9,1.95,663.83,1.93,1887.68,1.96,1474.45,1.92,895.9,1.97,443.22,4.2,4.1,2025.29,4.2,3941.02,4.0,4416.8,4.3,6617.11,3.95,2999.22,4.4,5912.36
121,2023-04-26T16:42:39.413Z,223364.8935872332,366526.9351442005,4.0,4.0,2782.66,4.1,135.9,3.95,1950.28,4.2,1880.86,3.9,2454.4,4.3,2969.61,1.94,1.94,1449.66,1.95,663.83,1.93,1887.68,1.96,1474.45,1.92,895.9,1.97,443.22,4.1,4.1,2023.94,4.2,3941.02,4.0,4416.8,4.3,6604.36,3.95,2999.22,4.4,5912.36
120,2023-04-26T16:44:03.907Z,225108.16148299247,364918.1526790525,4.0,4.0,2467.91,4.1,133.39,3.95,2046.11,4.2,1838.3,3.9,2269.99,4.3,2996.6,1.95,1.95,119.9,1.96,1337.48,1.94,1269.32,1.97,442.77,1.93,1997.12,1.98,6477.47,4.1,4.1,1888.05,4.2,3948.16,4.0,4369.78,4.3,6762.39,3.95,2788.15,4.4,5649.02
119,2023-04-26T16:44:03.907Z,225108.16148299247,364918.1526790525,4.0,4.0,2467.91,4.1,133.39,3.95,2046.11,4.2,1838.3,3.9,2269.99,4.3,2996.6,1.95,1.95,119.9,1.96,1337.48,1.94,1269.32,1.97,442.77,1.93,1997.12,1.98,6477.47,4.1,4.1,1888.05,4.2,3948.16,4.0,4369.78,4.3,6762.39,3.95,2788.15,4.4,5649.02
118,2023-04-26T16:43:38.726Z,225060.64687956017,364977.0762518591,4.0,4.0,2460.41,4.1,133.39,3.95,2050.76,4.2,1849.33,3.9,2287.77,4.3,2985.83,1.96,1.95,143.65,1.96,1337.48,1.94,1269.32,1.97,462.49,1.93,1997.12,1.98,6470.51,4.1,4.1,1888.05,4.2,3948.16,4.0,4370.33,4.3,6773.17,3.95,2792.8,4.4,5649.02
117,2023-04-26T16:45:07.914Z,225689.8750137752,366043.0466655779,4.0,4.0,2386.54,4.2,1908.76,3.95,2037.18,4.3,2951.16,3.9,2269.99,,,1.95,1.94,1329.41,1.96,1319.48,1.93,1922.42,1.97,492.54,,,1.98,6286.6,4.1,4.1,1811.95,4.2,3939.55,4.0,4333.73,4.3,6735.28,3.95,2815.72,4.4,5649.02
116,2023-04-26T16:47:41.100Z,229953.26842233285,381858.98482232494,4.0,4.0,2270.06,4.1,2157.27,3.95,455.81,4.2,2558.89,3.9,1155.49,4.3,4984.3,1.96,1.96,3265.08,1.98,2181.88,1.95,4426.96,1.99,621.61,1.94,6625.24,2.0,4949.88,4.2,4.1,897.46,4.2,5518.32,4.0,4235.98,4.3,6989.35,3.95,2436.44,4.4,5521.68
115,2023-04-26T16:47:41.100Z,229953.26842233285,381858.98482232494,4.0,4.0,2270.06,4.1,2157.27,3.95,455.81,4.2,2558.89,3.9,1155.49,4.3,4984.3,1.96,1.96,3265.08,1.98,2181.88,1.95,4426.96,1.99,621.61,1.94,6625.24,2.0,4949.88,4.2,4.1,897.46,4.2,5518.32,4.0,4235.98,4.3,6989.35,3.95,2436.44,4.4,5521.68
114,2023-04-26T16:47:41.100Z,229953.26842233285,381758.3799371116,4.0,4.0,2175.34,4.1,2157.27,3.95,455.81,4.2,2420.75,3.9,1155.49,4.3,5119.23,1.96,1.96,2969.07,1.98,2181.88,1.95,4426.96,1.99,621.61,1.94,6926.43,2.0,4760.43,4.2,4.1,897.46,4.2,5380.18,4.0,4235.98,4.3,7036.16,3.95,2436.44,4.4,5521.68
113,2023-04-26T16:49:35.865Z,230145.1639752872,383662.65962492407,4.1,4.0,1979.8,4.1,2540.32,3.95,355.73,4.2,2835.64,3.9,1308.0,4.3,4783.49,1.96,1.96,3835.14,1.98,1988.14,1.95,4447.48,1.99,719.46,1.94,6455.62,2.0,4401.92,4.2,4.1,886.48,4.2,5811.21,4.0,4216.46,4.3,6388.88,3.95,2368.55,4.4,5986.07
112,2023-04-26T16:51:27.706Z,230225.33453351495,384295.88914356095,4.0,4.0,1985.79,4.1,2741.15,3.95,355.73,4.2,2834.58,3.9,1323.15,4.3,4864.81,1.96,1.96,3832.88,1.98,1988.14,1.95,4447.48,1.99,617.12,1.94,6498.02,2.0,4443.46,4.2,4.1,886.48,4.2,5810.16,4.0,4229.05,4.3,6393.57,3.95,2368.55,4.4,5981.59
111,2023-04-26T16:50:36.943Z,230219.68603351497,384306.1716147133,4.1,4.0,1988.62,4.1,2741.15,3.95,355.73,4.2,2834.58,3.9,1323.15,4.3,4864.81,1.96,1.96,3832.88,1.98,1988.14,1.95,4447.48,1.99,617.12,1.94,6498.02,2.0,4449.11,4.2,4.1,886.48,4.2,5810.16,4.0,4229.05,4.3,6395.43,3.95,2368.55,4.4,5981.59
110,2023-04-26T16:52:55.495Z,230283.1283514478,384304.0986038768,4.0,4.0,1962.53,4.1,2739.81,3.95,355.73,4.2,2517.35,3.9,1318.44,4.3,5215.42,1.96,1.96,3121.43,1.98,1985.37,1.95,5249.66,1.99,617.12,1.94,6498.02,2.0,4390.48,4.2,4.1,885.14,4.2,5465.04,4.0,4216.46,4.3,6672.98,3.95,2368.55,4.4,6107.95
109,2023-04-26T16:54:51.992Z,230553.6550538669,381194.4296335004,4.0,4.0,1878.96,4.1,2674.06,3.95,355.73,4.2,2928.72,3.9,1322.64,4.3,4869.05,1.96,1.96,3865.4,1.98,1853.84,1.95,4476.5,1.99,539.42,1.94,6507.41,2.0,4392.0,4.1,4.1,819.39,4.2,5797.86,4.0,4218.73,4.3,6321.13,3.95,2329.41,4.4,6010.45
108,2023-04-26T16:54:55.690Z,230555.44708492613,381170.9312579504,4.0,4.0,1891.62,4.1,2675.3,3.95,343.08,4.2,2927.1,3.9,1322.64,4.3,4869.05,1.96,1.96,3864.5,1.98,1856.39,1.95,4476.5,1.99,539.42,1.94,6507.41,2.0,4414.78,4.1,4.1,820.62,4.2,5809.91,4.0,4205.39,4.3,6309.51,3.95,2329.41,4.4,6009.91
107,2023-04-26T16:57:09.555Z,233828.469359412,376786.8335621325,4.0,4.0,1970.11,4.1,1901.94,3.95,354.09,4.2,2608.61,3.9,1677.48,4.3,5583.78,1.96,1.96,240.48,1.97,632.63,1.95,4959.31,1.98,2123.83,1.94,6835.77,1.99,591.75,4.1,4.1,820.52,4.2,4120.6,4.0,4521.69,4.3,8042.67,3.95,2465.88,4.4,5673.52
106,2023-04-26T16:55:15.500Z,230579.08625603223,383214.0975889988,4.0,4.0,1878.96,4.1,2675.19,3.95,355.73,4.2,2924.4,3.9,1320.31,4.3,4869.05,1.96,1.96,3858.5,1.98,1851.57,1.95,4476.5,1.99,539.42,1.94,6507.41,2.0,4389.68,4.1,4.1,820.52,4.2,5797.86,4.0,4203.12,4.3,6321.13,3.95,2329.41,4.4,6007.38
105,2023-04-26T16:58:53.519Z,234132.54187950803,376394.772664926,4.1,4.0,1964.46,4.1,2001.87,3.95,354.09,4.2,2311.2,3.9,1687.25,4.3,5795.44,1.97,1.96,215.62,1.97,651.97,1.95,5345.83,1.98,2119.03,1.94,6447.26,1.99,591.75,4.2,4.1,818.2,4.2,4078.12,4.0,4531.22,4.3,7997.79,3.95,2465.88,4.4,5673.52
104,2023-04-26T16:58:53.519Z,234028.91589832745,376228.1820777502,4.1,4.0,1963.59,4.1,2000.98,3.95,353.93,4.2,2310.18,3.9,1686.5,4.3,5792.88,1.97,1.96,215.52,1.97,651.68,1.95,5343.47,1.98,2118.09,1.94,6444.4,1.99,591.49,4.2,4.1,817.84,4.2,4076.31,4.0,4529.21,4.3,7994.25,3.95,2464.79,4.4,5671.01
103,2023-04-26T16:58:53.519Z,234028.91589832745,376228.1820777502,4.1,4.0,1963.59,4.1,2000.98,3.95,353.93,4.2,2310.18,3.9,1686.5,4.3,5792.88,1.97,1.96,215.52,1.97,651.68,1.95,5343.47,1.98,2118.09,1.94,6444.4,1.99,591.49,4.2,4.1,817.84,4.2,4076.31,4.0,4529.21,4.3,7994.25,3.95,2464.79,4.4,5671.01
102,2023-04-26T17:00:11.599Z,234456.9528939251,376382.8535572336,4.0,4.0,1943.65,4.1,1933.05,3.95,353.99,4.2,2377.74,3.9,1741.86,4.3,5707.18,1.96,1.95,5443.93,1.97,761.22,1.94,6455.23,1.98,2119.34,,,1.99,601.78,4.2,4.1,818.45,4.2,3995.77,4.0,4584.98,4.3,8039.01,3.95,2470.46,4.4,5673.1
101,2023-04-26T17:02:40.840Z,234603.77718013895,376285.1631940508,4.0,4.0,1904.14,4.1,1930.11,3.95,353.99,4.2,2367.5,3.9,1736.61,4.3,5707.23,1.96,1.95,5444.05,1.97,750.82,1.94,6455.31,1.98,2105.4,,,1.99,601.78,4.1,4.1,811.72,4.2,3995.82,4.0,4579.86,4.3,8002.2,3.95,2470.46,4.4,5673.1
100,2023-04-26T17:02:40.840Z,234603.77718013895,376285.1631940508,4.0,4.0,1904.14,4.1,1930.11,3.95,353.99,4.2,2367.5,3.9,1736.61,4.3,5707.23,1.96,1.95,5444.05,1.97,750.82,1.94,6455.31,1.98,2105.4,,,1.99,601.78,4.1,4.1,811.72,4.2,3995.82,4.0,4579.86,4.3,8002.2,3.95,2470.46,4.4,5673.1
99,2023-04-26T17:02:57.455Z,234604.9402561389,376291.47854726255,4.0,4.0,1904.14,4.1,1930.11,3.95,353.99,4.2,2367.5,3.9,1736.02,4.3,5707.23,1.97,1.95,5444.05,1.97,749.66,1.94,6455.31,1.98,2105.4,,,1.99,601.78,4.1,4.1,811.72,4.2,3995.82,4.0,4579.28,4.3,8002.2,3.95,2470.46,4.4,5673.1
98,2023-04-26T17:05:04.910Z,234787.194776585,375858.1441827336,4.0,4.0,1874.78,4.1,1551.36,3.95,353.99,4.2,2336.49,3.9,1730.32,4.3,5707.23,1.96,1.96,144.39,1.97,738.37,1.95,5361.14,1.98,2100.73,1.94,6455.31,1.99,601.78,4.1,4.1,809.46,4.2,4024.64,4.0,4573.72,4.3,8172.98,3.95,2470.46,4.4,5471.65
97,2023-04-26T17:06:48.939Z,235197.32020135797,376420.4125706198,4.0,4.0,2008.27,4.1,1360.77,3.95,365.99,4.2,2361.99,3.9,2126.53,4.3,5707.23,1.96,1.95,5548.13,1.97,758.08,1.94,6455.31,1.98,2106.06,,,1.99,435.78,4.1,4.1,807.21,4.2,3996.96,4.0,4583.43,4.3,8335.23,3.95,2475.47,4.4,5814.01
96,2023-04-26T17:05:22.642Z,234814.29205303092,375859.43200162536,4.0,4.0,1874.78,4.1,1545.96,3.95,365.99,4.2,2339.55,3.9,1730.32,4.3,5707.23,1.96,1.96,133.1,1.97,738.37,1.95,5361.14,1.98,2204.06,1.94,6455.31,1.99,435.78,4.1,4.1,807.21,4.2,4019.37,4.0,4573.72,4.3,8189.15,3.95,2524.6,4.4,5471.65
95,2023-04-26T17:06:48.939Z,235197.32020135797,376420.4125706198,4.0,4.0,2008.27,4.1,1360.77,3.95,365.99,4.2,2361.99,3.9,2126.53,4.3,5707.23,1.96,1.95,5548.13,1.97,758.08,1.94,6455.31,1.98,2106.06,,,1.99,435.78,4.1,4.1,807.21,4.2,3996.96,4.0,4583.43,4.3,8335.23,3.95,2475.47,4.4,5814.01
94,2023-04-26T17:09:49.995Z,236084.75722477352,374490.5049067467,4.0,4.0,1901.0,4.1,1787.33,3.95,282.26,4.2,2078.12,3.9,1646.48,4.3,5644.97,1.95,1.96,1100.79,1.97,546.13,1.95,4481.26,1.98,1908.57,1.94,6894.17,1.99,453.67,4.2,4.1,806.63,4.2,4456.18,4.0,4412.11,4.3,7737.09,3.95,2371.95,4.4,5471.65
93,2023-04-26T17:11:14.256Z,236158.21933436143,374705.38927459775,4.0,4.0,1944.1,4.1,1710.84,3.95,282.26,4.2,2149.47,3.9,1654.6,4.3,5736.13,1.96,1.96,940.8,1.97,562.19,1.95,4481.26,1.98,1911.55,1.94,7088.3,1.99,463.82,4.1,4.1,803.25,4.2,4390.52,4.0,4518.02,4.3,7850.11,3.95,2382.08,4.4,5471.65
92,2023-04-26T17:10:14.506Z,236101.490530519,374938.58167034114,4.0,4.0,1944.1,4.1,1791.86,3.95,282.26,4.2,2073.69,3.9,1666.69,4.3,5736.13,1.96,1.96,1110.28,1.97,586.13,1.95,4481.26,1.98,1918.57,1.94,6894.17,1.99,463.82,4.2,4.1,806.63,4.2,4469.61,4.0,4529.81,4.3,7772.86,3.95,2382.08,4.4,5471.65
91,2023-04-26T17:12:02.025Z,236257.69946770708,374771.8351950976,4.0,4.0,1904.57,4.1,1710.84,3.95,282.26,4.2,2149.47,3.9,1854.23,4.3,5736.13,1.96,1.96,940.8,1.97,957.41,1.95,4481.26,1.98,1911.55,1.94,7088.3,1.99,463.82,4.2,4.1,803.25,4.2,4380.31,4.0,4712.66,4.3,7813.34,3.95,2382.08,4.4,5471.65
90,2023-04-26T17:12:29.241Z,236371.40602935775,375191.348746652,4.1,4.0,1903.44,4.1,1697.06,3.95,282.26,4.2,2151.54,3.9,1856.73,4.3,5736.13,1.96,1.96,933.59,1.97,962.35,1.95,4481.26,1.98,1908.79,1.94,7088.3,1.99,339.6,4.1,4.1,801.92,4.2,4376.94,4.0,4715.09,4.3,7815.58,3.95,2382.08,4.4,5471.65
89,2023-04-26T17:12:29.241Z,236371.40602935775,375312.07413416286,4.1,4.0,1903.44,4.1,1697.06,3.95,282.26,4.2,2151.54,3.9,1856.73,4.3,5736.13,1.96,1.96,933.59,1.97,962.35,1.95,4481.26,1.98,1908.79,1.94,7088.3,1.99,339.6,4.1,4.1,801.92,4.2,4376.94,4.0,4715.09,4.3,7815.58,3.95,2382.08,4.4,5471.65
88,2023-04-26T17:16:27.463Z,236901.8118836801,372878.17066557065,4.0,4.0,1865.09,4.1,1664.81,3.95,381.26,4.2,1938.31,3.9,1880.9,4.3,5736.13,1.97,1.96,885.6,1.97,1010.21,1.95,4481.26,1.98,1994.68,1.94,7036.96,1.99,339.6,4.1,4.1,723.42,4.2,4324.89,4.0,4738.66,4.3,7390.03,3.95,2506.61,4.4,5471.65
87,2023-04-26T17:16:43.054Z,236947.9735796801,373763.8500486052,4.1,4.0,1883.16,4.1,1644.68,3.95,381.26,4.2,1940.95,3.9,1880.9,4.3,5736.13,1.96,1.96,879.95,1.97,1010.21,1.95,4481.26,1.98,1994.68,1.94,7036.96,1.99,339.6,4.1,4.1,723.42,4.2,4322.26,4.0,4738.66,4.3,7409.41,3.95,2506.61,4.4,5471.65
86,2023-04-26T17:16:43.054Z,236947.9735796801,373946.0067167005,4.1,4.0,1883.16,4.1,1646.02,3.95,364.26,4.2,1940.53,3.9,1859.37,4.3,5823.71,1.96,1.96,879.95,1.97,964.85,1.95,4491.26,1.98,1984.68,1.94,6878.87,1.99,339.45,4.1,4.1,723.42,4.2,4310.26,4.0,4716.33,4.3,7393.79,3.95,2496.48,4.4,5471.65
85,2023-04-26T17:16:43.054Z,236947.9735796801,373826.22118454473,4.1,4.0,1883.16,4.1,1646.02,3.95,381.26,4.2,1940.53,3.9,1885.13,4.3,5736.13,1.96,1.96,879.95,1.97,1015.85,1.95,4481.26,1.98,1994.68,1.94,7037.87,1.99,339.6,4.1,4.1,723.42,4.2,4322.26,4.0,4741.45,4.3,7409.41,3.95,2506.61,4.4,5471.65
84,2023-04-26T17:19:29.409Z,238428.4653269288,372206.8487690687,4.0,4.0,1795.08,4.1,1712.01,3.95,370.26,4.2,1879.46,3.9,1770.16,4.3,5791.38,1.97,1.96,976.17,1.97,787.43,1.95,4492.55,1.98,1660.37,1.94,7031.14,1.99,340.82,4.1,4.1,706.49,4.2,4341.8,4.0,4688.35,4.3,7274.25,3.95,2357.22,4.4,5471.65
83,2023-04-26T17:21:27.417Z,238792.63096590785,371030.3608173951,4.0,4.0,1743.96,4.1,1238.93,3.95,370.26,4.2,2330.21,3.9,1766.9,4.3,5791.38,1.96,1.95,5030.21,1.97,780.97,1.94,7013.13,1.98,1869.27,1.93,6452.79,1.99,340.82,4.2,4.1,706.49,4.2,3904.19,4.0,4685.16,4.3,7666.96,3.95,2461.94,4.4,5471.65
82,2023-04-26T17:21:33.733Z,238849.09096590785,368285.720835411,4.0,4.0,1743.96,4.1,1234.01,3.95,379.22,4.2,2335.01,3.9,1601.49,4.3,5791.38,1.95,1.95,5385.66,1.97,471.57,1.94,6997.67,1.98,1625.37,1.93,6452.79,,,4.2,4.1,706.49,4.2,3899.39,4.0,4526.46,4.3,7671.65,3.95,2339.67,4.4,5471.65
81,2023-04-26T17:21:33.733Z,238849.09096590785,369122.1020170752,4.0,4.0,1743.96,4.1,1234.01,3.95,379.22,4.2,2335.01,3.9,1601.49,4.3,5791.38,1.95,1.95,5385.66,1.97,471.57,1.94,6997.67,1.98,1625.37,1.93,6468.33,,,4.2,4.1,706.49,4.2,3899.39,4.0,4526.46,4.3,7671.65,3.95,2339.67,4.4,5471.65
80,2023-04-26T17:23:51.286Z,239570.6089290629,370188.374934501,4.0,4.0,1834.3,4.1,1154.88,3.95,360.26,4.2,1974.03,3.9,1754.85,4.3,5791.38,1.97,1.96,118.82,1.97,799.22,1.95,5410.24,1.98,1822.88,1.94,7141.97,1.99,325.04,4.2,4.1,673.17,4.2,3924.04,4.0,4694.15,4.3,7703.31,3.95,2473.26,4.4,5471.65
79,2023-04-26T17:24:11.517Z,239782.6708087564,371182.9655628151,4.0,4.0,1834.26,4.1,1104.2,3.95,360.26,4.2,2302.21,3.9,1714.58,4.3,5791.38,1.97,1.95,5033.88,1.97,693.23,1.94,7141.97,1.98,1822.88,,,1.99,325.04,4.2,4.1,673.17,4.2,3874.58,4.0,4641.95,4.3,7763.63,3.95,2473.26,4.4,5471.65
78,2023-04-26T17:25:58.576Z,240389.9619285088,367935.6387898107,4.1,4.0,1851.37,4.1,1091.64,3.95,404.53,4.2,2321.28,3.9,1477.15,4.3,5787.96,1.95,1.95,5298.21,1.96,104.52,1.94,6963.49,1.97,223.2,1.93,5341.3,1.98,1677.69,4.1,4.1,662.69,4.2,3868.6,4.0,4417.86,4.3,7778.41,3.95,2411.35,4.4,5471.65
77,2023-04-26T17:26:15.092Z,240498.514590701,367293.9310909496,4.0,4.0,1828.79,4.1,1091.64,3.95,395.61,4.2,2321.28,3.9,1477.15,4.3,5787.96,1.96,1.95,5313.67,1.97,309.74,1.94,6963.49,1.98,1677.69,1.93,5341.3,,,4.2,4.1,662.69,4.2,3855.23,4.0,4415.3,4.3,7757.4,3.95,2411.35,4.4,5471.65
76,2023-04-26T17:27:19.261Z,242424.91693559,369958.7143322496,4.0,4.0,1731.68,4.1,1034.96,3.95,352.67,4.2,2310.49,3.9,1477.15,4.3,5777.41,1.96,1.95,5371.99,1.97,223.2,1.94,6975.89,1.98,1660.86,1.93,5223.0,1.99,325.04,4.1,4.1,654.57,4.2,3842.33,4.0,4390.51,4.3,7667.22,3.95,2388.42,4.4,5471.65
75,2023-04-26T17:29:25.801Z,244263.05500686623,369646.35764254985,4.1,4.0,1709.22,4.1,995.98,3.95,360.26,4.2,2096.81,3.9,1438.55,4.3,5836.44,1.97,1.96,198.74,1.97,448.57,1.95,5670.4,1.98,1287.31,1.94,6831.02,1.99,325.04,4.1,4.1,530.69,4.2,3935.07,4.0,4564.97,4.3,7562.71,3.95,2352.69,4.4,5336.65
74,2023-04-26T17:30:29.662Z,244395.4619905696,359463.0702225665,4.0,4.0,1274.47,4.1,952.83,3.95,133.29,4.2,1769.39,3.9,1163.34,4.3,4966.43,1.96,1.95,5587.41,1.97,366.47,1.94,6686.49,1.98,1221.78,,,1.99,190.66,4.1,4.1,530.67,4.2,3472.0,4.0,3989.71,4.3,6641.25,3.95,2092.97,4.4,5125.52
73,2023-04-26T17:30:54.685Z,244765.84230782316,358607.48281019024,4.1,4.0,1105.09,4.1,948.31,3.95,133.29,4.2,1758.36,3.9,1163.34,4.3,4966.43,1.96,1.95,5587.41,1.97,366.47,1.94,6686.49,1.98,1198.39,,,1.99,190.66,4.1,4.1,519.38,4.2,3472.0,4.0,3989.71,4.3,6483.68,3.95,2092.97,4.4,5279.5
72,2023-04-26T17:31:40.059Z,244821.4265781177,359003.9328907527,4.0,4.0,1129.94,4.1,924.91,3.95,133.29,4.2,1846.33,3.9,1137.73,4.3,4966.55,1.97,1.95,5588.84,1.97,315.77,1.94,6717.34,1.98,1312.55,,,1.99,190.66,4.1,4.1,609.95,4.2,3472.0,4.0,3964.87,4.3,6506.66,3.95,2056.18,4.4,5257.55
71,2023-04-26T17:33:25.608Z,246234.7272270424,368401.64795200655,4.0,4.0,1064.91,4.1,708.14,3.95,2666.26,4.2,2177.78,3.9,1421.83,4.3,4975.24,1.96,1.95,3977.81,1.96,5104.72,1.94,7266.92,1.97,113.17,1.93,5501.78,1.98,1283.79,4.1,4.1,607.51,4.2,3416.25,4.0,4928.88,4.3,6436.0,3.95,3088.96,4.4,5204.07
70,2023-04-26T17:34:07.034Z,255406.520369564,358886.0498533677,4.0,4.0,1090.47,4.1,710.14,3.95,150.21,4.2,2197.97,3.9,1484.1,4.3,4968.28,1.95,1.95,4564.43,1.98,1553.5,1.94,7303.12,,,1.93,5762.38,,,4.1,4.1,614.82,4.2,3416.25,4.0,3989.44,4.3,6452.81,3.95,2124.5,4.4,5204.07
69,2023-04-26T17:33:55.229Z,255406.4735550424,358179.6079867762,4.0,4.0,1090.47,4.1,708.14,3.95,150.21,4.2,2197.97,3.9,1484.1,4.3,4968.28,1.95,1.95,4564.45,1.98,1553.5,1.94,7303.12,,,1.93,5501.63,,,4.1,4.1,614.82,4.2,3416.25,4.0,3989.44,4.3,6452.81,3.95,2124.5,4.4,5204.07
68,2023-04-26T17:35:49.429Z,256945.9624932932,357746.0176694709,4.1,4.0,1007.32,4.1,692.72,3.95,250.72,4.2,2099.08,3.9,1645.45,4.3,4891.71,1.96,1.95,4749.81,1.97,364.59,1.94,7480.58,1.98,956.43,,,1.99,950.87,4.1,4.1,449.42,4.2,3403.45,4.0,4130.04,4.3,6475.24,3.95,2045.73,4.4,5204.07
67,2023-04-26T17:36:08.052Z,257016.4701267582,362642.5512028383,4.0,4.0,983.13,4.1,664.24,3.95,250.72,4.2,2127.09,3.9,1645.45,4.3,5101.21,1.96,1.95,4716.75,1.97,364.59,1.94,7480.58,1.98,956.43,1.93,5392.83,1.99,948.03,4.1,4.1,449.42,4.2,3388.02,4.0,4101.81,4.3,6467.81,3.95,1948.31,4.4,5204.07
66,2023-04-26T17:38:39.799Z,257195.73812967935,358712.9321661564,4.0,4.0,952.08,4.1,702.2,3.95,250.72,4.2,2119.16,3.9,1671.95,4.3,5101.21,1.96,1.95,4785.35,1.97,417.06,1.94,7480.58,1.98,1035.22,,,1.99,948.03,4.2,4.1,487.47,4.2,3415.54,4.0,4127.65,4.3,6407.65,3.95,1948.31,4.4,5207.68
64,2023-04-26T17:39:49.272Z,257412.3990236745,359177.0058157804,4.0,4.0,889.97,4.1,702.19,3.95,250.72,4.2,2119.18,3.9,1673.79,4.3,5101.21,1.96,1.95,4785.32,1.97,420.71,1.94,7480.58,1.98,1035.22,,,1.99,948.03,4.2,4.1,487.47,4.2,3371.68,4.0,4129.45,4.3,6349.89,3.95,1948.31,4.4,5222.64
63,2023-04-26T17:38:15.875Z,257158.5226976794,358641.50496132346,4.0,4.0,963.37,4.1,702.2,3.95,250.72,4.2,2082.02,3.9,1653.65,4.3,5101.21,1.96,1.95,4785.35,1.97,380.83,1.94,7480.58,1.98,958.51,,,1.99,958.52,4.1,4.1,449.42,4.2,3420.03,4.0,4109.8,4.3,6418.16,3.95,1954.63,4.4,5204.07
62,2023-04-26T17:39:49.272Z,257412.3990236745,358811.19517199404,4.0,4.0,889.97,4.1,702.19,3.95,250.72,4.2,2119.18,3.9,1673.79,4.3,5101.21,1.96,1.95,4785.32,1.97,420.71,1.94,7480.58,1.98,1035.22,,,1.99,948.03,4.2,4.1,487.47,4.2,3371.68,4.0,4129.45,4.3,6349.89,3.95,1948.31,4.4,5222.64
61,2023-04-26T17:40:58.978Z,261999.9414729808,355816.1826895326,4.0,4.0,897.36,4.1,627.76,3.95,204.13,4.2,1447.03,3.9,1547.0,4.3,4986.11,1.96,1.95,335.49,1.97,169.71,1.94,5624.4,1.98,1202.59,1.93,9107.11,1.99,1058.7,4.1,4.1,539.33,4.2,3294.99,4.0,3902.34,4.3,6145.3,3.95,1973.27,4.4,5399.46
60,2023-04-26T17:43:02.331Z,262837.2923352625,357752.27370044845,4.0,4.0,728.38,4.1,602.68,3.95,254.8,4.2,1395.95,3.9,1568.88,4.3,5272.97,1.95,1.95,442.72,1.97,213.02,1.94,6019.2,1.98,1141.46,1.93,9172.25,1.99,1171.69,4.1,4.1,483.98,4.2,3270.27,4.0,3838.31,4.3,6038.24,3.95,2006.63,4.4,5444.94
59,2023-04-26T17:42:28.102Z,262516.35576410627,354331.45430633065,4.0,4.0,843.56,4.1,627.76,3.95,239.88,4.2,1379.94,3.9,1518.37,4.3,5120.82,1.97,1.95,272.22,1.97,189.92,1.94,5869.61,1.98,1041.46,1.93,9107.11,,,4.1,4.1,483.98,4.2,3270.27,4.0,3858.59,4.3,6145.38,3.95,1955.07,4.4,5397.29
58,2023-04-26T17:45:17.794Z,280146.202187848,364228.28449366,4.0,3.95,166.54,4.1,4281.57,3.9,2484.48,4.2,2597.98,3.85,882.22,4.3,3508.69,1.99,1.99,1382.56,2.0,2412.62,1.98,5619.37,2.02,2875.67,1.97,7243.72,2.04,5257.45,4.0,4.0,2853.24,4.1,1670.39,3.95,1916.75,4.2,4691.91,3.9,2159.91,4.3,5765.31
57,2023-04-26T17:44:18.525Z,263273.0946967501,352829.7772142044,4.0,4.0,644.97,4.1,673.28,3.95,254.8,4.2,1294.14,3.9,1537.51,4.3,5393.6,1.96,1.96,158.25,1.97,150.91,1.95,484.86,1.98,1100.19,1.94,6064.59,1.99,1168.85,4.1,4.1,464.05,4.2,3342.41,4.0,3807.72,4.3,5888.52,3.95,2005.19,4.4,5444.94
56,2023-04-26T17:46:59.386Z,290456.79530489387,370998.46679022256,3.95,3.95,286.84,4.1,781.53,3.9,3538.36,4.2,2729.81,,,4.3,4139.71,1.99,1.97,2028.51,1.99,2222.9,1.96,1609.77,2.0,2177.58,1.95,3101.08,2.02,7797.78,4.1,4.0,2868.68,4.1,1727.73,3.95,1964.0,4.2,3763.95,3.9,2023.49,4.3,6068.73
55,2023-04-26T17:48:13.694Z,291603.85391973285,376482.1909567236,4.0,4.0,259.65,4.1,803.1,3.95,1667.8,4.2,2359.19,3.9,2434.66,4.3,4055.8,1.97,1.97,465.9,1.98,2632.91,1.96,2386.07,1.99,2401.79,1.95,2954.43,2.0,2236.79,4.1,4.0,2854.03,4.1,1906.34,3.95,3077.15,4.2,3692.82,3.9,911.21,4.3,5827.98
54,2023-04-26T17:49:20.324Z,292658.13244442624,377660.6692376352,4.0,4.0,1295.11,4.1,320.52,3.95,1808.49,4.2,2219.78,3.9,1460.47,4.3,4355.04,1.97,1.96,1986.83,1.97,2002.08,1.95,2176.9,1.98,2851.97,1.94,7413.99,1.99,3375.46,4.0,4.0,3630.53,4.1,1995.01,3.95,1964.64,4.2,3746.04,3.9,1106.89,4.3,5577.29
53,2023-04-26T17:48:53.855Z,291646.50911973283,377358.4863951186,4.0,4.0,244.97,4.1,803.1,3.95,1682.63,4.2,2359.19,3.9,2419.64,4.3,4161.04,1.98,1.97,465.9,1.98,2650.97,1.96,2386.07,1.99,2540.85,1.95,3186.42,2.0,2207.43,4.0,4.0,2853.03,4.1,1906.34,3.95,3077.15,4.2,3678.83,3.9,927.77,4.3,5841.63
52,2023-04-26T17:51:49.681Z,294921.4264627645,385872.0652228938,4.0,4.0,1093.87,4.1,738.44,3.95,1003.56,4.2,2728.84,3.9,2014.52,4.3,5489.3,1.97,1.96,1868.1,1.97,579.42,1.95,3201.99,1.98,3107.31,1.94,7258.19,1.99,3597.27,4.1,4.0,4092.75,4.1,697.85,3.95,3014.4,4.2,4936.63,3.9,1065.47,4.3,5708.04
51,2023-04-26T17:49:58.371Z,293529.7348825137,386194.50285663374,4.1,4.0,1696.01,4.1,735.67,3.95,840.07,4.2,2866.72,3.9,2078.43,4.3,5023.43,1.96,1.96,2164.25,1.97,1921.9,1.95,3319.97,1.98,3127.5,1.94,8303.68,1.99,3544.44,4.1,4.0,4389.67,4.1,1185.39,3.95,2350.65,4.2,4880.41,3.9,1065.47,4.3,5795.57
50,2023-04-26T17:51:58.695Z,298871.20979528973,384854.0960644029,4.0,4.0,1523.8,4.1,738.44,3.95,568.19,4.2,1840.03,3.9,2331.94,4.3,6367.59,1.96,1.95,3306.22,1.97,1700.11,1.94,7442.99,1.98,3107.31,1.93,8844.4,1.99,3597.27,4.1,4.0,4670.05,4.1,697.85,3.95,2440.84,4.2,4202.38,3.9,1068.82,4.3,5977.16
49,2023-04-26T17:54:55.914Z,312782.97078532696,392034.9433845245,4.0,4.0,1404.65,4.2,2120.47,3.95,1816.84,4.3,6829.26,3.9,4077.18,4.4,3700.17,1.96,1.95,1285.69,1.96,2888.34,1.94,6891.34,1.97,3558.2,1.93,8893.41,1.98,1120.08,4.1,4.0,4499.87,4.2,4347.79,3.95,3311.05,4.3,6405.18,3.9,2507.85,4.4,5325.08
48,2023-04-26T17:56:04.878Z,313682.41210749355,396141.05088597134,4.0,4.0,1470.27,4.1,1089.23,3.95,1727.21,4.2,1970.32,3.9,3992.97,4.3,6855.18,1.96,1.95,1611.78,1.96,2748.16,1.94,7494.5,1.97,3460.2,1.93,11330.09,1.98,1117.56,4.0,4.0,5712.83,4.2,4390.53,3.95,1985.54,4.3,6475.06,3.9,2990.42,4.4,5249.36
47,2023-04-26T17:56:20.402Z,313695.9625074936,396186.6687864583,4.0,4.0,1469.14,4.1,1089.23,3.95,1735.62,4.2,1970.32,3.9,4002.67,4.3,6855.18,1.96,1.95,1611.78,1.96,2765.1,1.94,7494.5,1.97,3460.2,1.93,11330.09,1.98,1117.56,4.0,4.0,5712.83,4.2,4390.53,3.95,1993.95,4.3,6474.01,3.9,2990.42,4.4,5257.95
46,2023-04-26T17:56:20.402Z,313695.9625074936,396186.6687864583,4.0,4.0,1469.14,4.1,1089.23,3.95,1735.62,4.2,1970.32,3.9,4002.67,4.3,6855.18,1.96,1.95,1611.78,1.96,2765.1,1.94,7494.5,1.97,3460.2,1.93,11330.09,1.98,1117.56,4.0,4.0,5712.83,4.2,4390.53,3.95,1993.95,4.3,6474.01,3.9,2990.42,4.4,5257.95
45,2023-04-26T17:58:17.522Z,324725.8412636024,390915.7807538327,4.1,4.1,118.65,4.2,1737.45,4.0,1852.2,4.3,6995.17,3.95,1572.83,4.4,4230.45,1.95,1.95,3032.93,1.96,1926.67,1.94,7082.62,1.97,3540.2,1.93,9632.21,1.98,1373.25,4.0,4.0,4783.41,4.1,145.81,3.95,2803.41,4.2,4499.21,3.9,2673.72,4.3,6822.59
44,2023-04-26T17:58:45.858Z,326229.95349461364,390958.0558388101,4.2,4.1,125.44,4.2,1737.7,4.0,1852.53,4.3,7008.76,3.95,914.64,4.4,4321.13,1.96,1.95,3170.61,1.96,458.51,1.94,6996.48,1.97,3450.81,1.93,9928.82,1.98,2285.42,4.0,4.0,4779.74,4.1,145.84,3.95,2075.24,4.2,4515.62,3.9,3076.06,4.3,6823.8
43,2023-04-26T17:59:00.776Z,327277.8044054787,391583.8484318828,4.1,4.0,1822.78,4.2,2362.2,3.95,858.63,4.3,6359.44,3.9,3863.97,4.4,4854.21,1.96,1.96,1225.38,1.97,3522.82,1.95,4095.55,1.98,3598.47,1.94,7324.94,1.99,1703.12,4.0,4.0,4679.36,4.1,129.15,3.95,1965.66,4.2,4965.01,3.9,3074.25,4.3,7096.86
42,2023-04-26T18:00:37.692Z,329588.2980564242,393012.8109774439,4.0,4.0,1894.27,4.2,2132.52,3.95,485.67,4.3,6689.37,3.9,4154.78,,,1.97,1.96,474.84,1.97,3326.35,1.95,3532.95,1.98,2848.3,1.94,6852.65,1.99,1764.38,4.1,4.0,4956.72,4.1,124.03,3.95,1910.09,4.2,4706.47,3.9,2710.09,4.3,6765.19
41,2023-04-26T18:02:20.333Z,331178.3904279162,399363.8009192039,4.1,4.0,1952.82,4.2,1786.66,3.95,4287.84,4.3,6903.82,,,4.4,4128.57,1.95,1.95,3404.99,1.96,7210.61,1.94,4623.36,1.97,3233.29,1.93,11604.63,1.98,1624.98,4.1,4.0,4868.38,4.1,130.51,3.95,3975.41,4.2,4524.9,3.9,1308.52,4.3,6886.29
40,2023-04-26T18:03:48.646Z,352001.4748441533,391866.2727226631,4.1,4.0,2030.65,4.1,145.31,3.95,1099.01,4.2,3561.07,3.9,2140.27,4.3,4917.05,1.97,1.97,1075.38,1.98,1143.76,1.96,2715.43,1.99,1783.91,1.95,4178.81,2.0,5932.1,4.1,4.0,4676.98,4.1,130.54,3.95,2074.43,4.2,6023.31,3.9,1369.46,4.3,6578.16
39,2023-04-26T18:04:41.654Z,352973.1645094124,398805.2073695464,4.0,4.0,2212.39,4.1,270.96,3.95,1293.98,4.2,3906.31,3.9,2300.65,4.3,5057.06,1.97,1.97,1335.06,1.98,2056.18,1.96,3041.64,1.99,1788.55,1.95,4618.91,2.0,6295.58,4.1,4.0,4758.49,4.1,163.86,3.95,2364.97,4.2,6378.01,3.9,1529.84,4.3,6697.02
38,2023-04-26T18:03:48.646Z,352001.4748441533,391866.2727226631,4.1,4.0,2030.65,4.1,145.31,3.95,1099.01,4.2,3561.07,3.9,2140.27,4.3,4917.05,1.97,1.97,1075.38,1.98,1143.76,1.96,2715.43,1.99,1783.91,1.95,4178.81,2.0,5932.1,4.1,4.0,4676.98,4.1,130.54,3.95,2074.43,4.2,6023.31,3.9,1369.46,4.3,6578.16
37,2023-04-26T18:06:27.770Z,357404.67391986994,409066.7950400011,4.0,4.0,2148.24,4.1,2459.73,3.95,959.71,4.2,4160.71,3.9,3233.47,4.3,4712.22,1.99,1.98,2099.9,1.99,1033.02,1.97,1572.57,2.0,6596.65,1.96,3128.08,2.02,12359.23,4.1,4.0,4656.1,4.1,1713.59,3.95,2396.66,4.2,5524.6,3.9,2833.58,4.3,6467.69
36,2023-04-26T18:07:45.851Z,358659.2087058406,408107.05601365824,4.1,4.0,2447.04,4.1,1958.46,3.95,1323.67,4.2,5213.72,3.9,3959.34,4.3,4456.47,1.98,1.98,2048.37,1.99,1178.12,1.97,1672.23,2.0,7128.2,1.96,3126.38,2.02,12065.63,4.1,4.0,3688.14,4.1,2941.63,3.95,3395.5,4.2,5233.39,3.9,2130.46,4.3,6453.01
35,2023-04-26T18:07:45.851Z,358659.2087058406,408107.05601365824,4.1,4.0,2447.04,4.1,1958.46,3.95,1323.67,4.2,5213.72,3.9,3959.34,4.3,4456.47,1.98,1.98,2048.37,1.99,1178.12,1.97,1672.23,2.0,7128.2,1.96,3126.38,2.02,12065.63,4.1,4.0,3688.14,4.1,2941.63,3.95,3395.5,4.2,5233.39,3.9,2130.46,4.3,6453.01
34,2023-04-26T18:09:42.302Z,359914.33908897336,411367.5808419625,4.0,4.0,2488.97,4.1,1855.73,3.95,1313.47,4.2,5271.3,3.9,3824.98,4.3,4455.33,1.99,1.98,1707.41,1.99,1084.89,1.97,1672.23,2.0,6984.89,1.96,3254.93,2.02,11809.25,4.0,4.0,3637.47,4.1,2627.49,3.95,3396.74,4.2,5434.06,3.9,2202.08,4.3,6464.94
33,2023-04-26T18:09:18.681Z,359743.39563443355,410465.5817531826,4.0,4.0,2483.33,4.1,1855.35,3.95,1313.47,4.2,5270.53,3.9,3839.77,4.3,4458.53,1.98,1.98,1730.0,1.99,1113.89,1.97,1672.23,2.0,6973.59,1.96,3254.93,2.02,11807.36,4.1,4.0,3654.36,4.1,2638.4,3.95,3396.74,4.2,5418.03,3.9,2190.21,4.3,6464.94
32,2023-04-26T18:09:42.302Z,359914.33908897336,410555.90919251024,4.0,4.0,2488.97,4.1,1855.73,3.95,1313.47,4.2,5270.12,3.9,3824.98,4.3,4456.47,1.99,1.98,1707.41,1.99,1084.89,1.97,1672.23,2.0,6984.89,1.96,3254.93,2.02,11809.25,4.0,4.0,3637.47,4.1,2627.49,3.95,3396.74,4.2,5434.06,3.9,2202.08,4.3,6464.94
31,2023-04-26T18:13:00.124Z,364580.12351143616,407847.93950106646,4.0,4.0,2294.33,4.1,2628.54,3.95,882.96,4.2,4813.39,3.9,3234.14,4.3,5763.42,1.99,1.98,3702.1,2.0,6409.12,1.97,1683.9,2.02,5855.53,1.96,7352.03,2.04,15650.99,4.1,4.0,3853.27,4.1,3847.95,3.95,3154.86,4.2,4591.23,3.9,1936.25,4.3,7471.33
30,2023-04-26T18:12:49.278Z,364149.80791253137,408657.56443550927,4.0,4.0,2444.04,4.1,3179.05,3.95,865.48,4.2,4684.88,3.9,3265.81,4.3,6064.84,1.99,1.99,623.37,2.0,6677.1,1.98,3793.1,2.02,5950.92,1.97,1719.43,2.04,15176.99,4.1,4.0,3621.72,4.1,4273.46,3.95,3381.88,4.2,4558.63,3.9,1920.13,4.3,7382.72
29,2023-04-26T18:13:00.124Z,364580.12351143616,408056.7745644984,4.0,4.0,2294.33,4.1,2895.83,3.95,839.34,4.2,4552.46,3.9,3218.02,4.3,6011.31,1.99,1.99,550.7,2.0,6377.69,1.98,3702.1,2.02,5855.53,1.97,1683.9,2.04,15650.99,4.1,4.0,3853.27,4.1,4115.24,3.95,3154.86,4.2,4591.23,3.9,1920.13,4.3,7216.47
28,2023-04-26T18:16:00.954Z,389266.35492184176,409506.2198639148,4.0,3.95,910.02,4.0,171.87,3.9,4294.86,4.1,3348.03,3.85,1424.77,4.2,5412.35,1.99,1.99,1982.21,2.0,3357.11,1.98,3115.78,2.02,5708.86,1.97,2930.43,2.04,15978.57,4.1,4.0,2164.29,4.1,4571.37,3.95,3406.06,4.2,5347.42,3.9,2852.73,4.3,5791.26
27,2023-04-26T18:15:57.743Z,389221.18692184176,408711.7807447924,4.0,3.95,910.02,4.0,171.87,3.9,4294.86,4.1,3348.03,3.85,1424.77,4.2,5423.05,2.0,1.99,2004.79,2.0,3357.11,1.98,3115.78,2.02,5708.86,1.97,2930.43,2.04,15978.57,4.1,4.0,2164.29,4.1,4571.37,3.95,3406.06,4.2,5358.12,3.9,2852.73,4.3,5791.26
26,2023-04-26T18:18:23.239Z,422741.45364191954,422234.6098174665,3.9,3.85,1566.96,3.95,775.09,3.8,3102.93,4.0,2152.6,,,4.1,4488.83,2.02,2.02,1996.54,2.04,6985.29,2.0,13628.02,2.06,8767.98,1.99,18116.55,2.08,14458.44,4.0,3.95,3276.96,4.0,1135.92,3.9,1654.91,4.1,4334.73,3.85,1757.4,4.2,3784.52
25,2023-04-26T18:19:03.975Z,423478.0800253896,424707.9593738774,3.9,3.85,1639.25,3.95,829.0,3.8,3170.62,4.0,2291.06,3.75,4630.04,4.1,4079.97,2.04,2.02,2278.1,2.04,7635.22,2.0,13543.92,2.06,9311.84,1.99,17684.43,2.08,14094.67,4.0,3.95,3287.1,4.0,1093.87,3.9,1654.91,4.1,4473.45,3.85,1812.72,4.2,3714.24
24,2023-04-26T18:19:37.113Z,427015.9090856357,419151.7010622848,3.9,3.9,145.18,3.95,1370.95,3.85,1734.79,4.0,1857.38,3.8,2126.89,4.1,4602.82,2.02,2.02,1993.03,2.04,8902.2,2.0,11329.21,2.06,6540.89,1.99,16529.67,2.08,11615.55,4.0,4.0,289.71,4.1,4506.89,3.95,3394.44,4.2,4073.73,3.9,1647.22,4.3,7088.03
23,2023-04-26T18:18:33.850Z,422806.43619176606,421068.06596362777,3.9,3.85,1544.24,3.95,847.96,3.8,3179.24,4.0,2314.24,,,4.1,4056.2,2.04,2.02,2301.75,2.04,7110.54,2.0,13623.18,2.06,8976.77,1.99,17684.43,2.08,14282.09,4.0,3.95,3278.31,4.0,1133.5,3.9,1654.91,4.1,4485.1,3.85,1832.16,4.2,3616.72
22,2023-04-26T18:19:48.049Z,463979.24727615074,406278.536266994,3.8,3.75,882.15,3.85,2561.22,3.7,3381.51,3.9,1987.4,3.65,1851.48,,,2.06,2.06,5090.21,2.08,6536.71,2.04,9758.01,2.1,14533.3,2.02,12925.21,2.12,3591.36,3.95,3.95,513.98,4.0,2205.84,3.9,1413.61,4.1,5075.24,3.85,4065.37,4.2,3944.37
21,2023-04-26T18:20:53.549Z,478577.1371755056,380295.1114663807,3.8,3.8,1639.52,3.85,1268.41,3.75,2852.16,3.9,3112.48,3.7,2652.38,3.95,2657.85,2.08,2.06,5095.68,2.08,2340.61,2.04,8878.6,2.1,4962.75,2.02,18234.68,2.12,6984.78,3.9,3.9,1418.51,3.95,588.96,3.85,4354.82,4.0,3975.61,3.8,1040.17,4.1,4234.12
20,2023-04-26T18:21:57.413Z,482099.23519575415,435160.737390005,3.85,3.8,1843.8,3.85,1649.98,3.75,2808.71,3.9,2959.94,3.7,4537.57,3.95,1654.32,2.08,2.06,3006.54,2.08,4918.76,2.04,10995.78,2.1,12977.33,2.02,19012.48,2.12,14501.44,3.95,3.9,1550.95,3.95,432.91,3.85,4701.22,4.0,5104.71,3.8,2060.86,4.1,3404.45
19,2023-04-26T18:24:47.215Z,495599.6090756647,438215.65911001706,3.85,3.8,2713.31,3.9,1671.55,3.75,4487.82,3.95,3991.99,3.7,3748.71,4.0,4017.99,2.04,2.04,11826.51,2.06,2679.58,2.02,17668.92,2.08,7721.28,2.0,25020.68,2.1,14420.66,3.95,3.9,2468.97,4.0,3755.33,3.85,4628.24,4.1,6267.59,3.8,1574.99,,
18,2023-04-26T18:24:03.164Z,492398.9205351543,442973.00653294346,3.8,3.8,2750.97,3.85,131.03,3.75,4087.23,3.9,1398.68,3.7,4676.17,3.95,3834.22,2.04,2.04,11791.2,2.06,2203.21,2.02,17032.09,2.08,7764.81,2.0,26641.54,2.1,14466.16,3.95,3.9,2541.51,4.0,3984.65,3.85,4515.21,4.1,6242.99,3.8,1669.14,4.2,7109.48
17,2023-04-26T18:26:15.485Z,501513.04456395545,392392.0991147621,3.85,3.8,2632.33,3.85,577.12,3.75,3417.06,3.9,1746.58,3.7,4687.63,3.95,3416.11,2.06,2.04,11072.56,2.06,1445.68,2.02,10718.39,2.08,8208.3,2.0,15725.05,2.1,7356.47,3.95,3.9,2816.94,4.0,3976.13,3.85,3274.94,4.1,5820.67,3.8,2647.41,,
16,2023-04-26T18:26:15.485Z,501513.04456395545,392155.07680245175,3.85,3.8,2632.33,3.85,577.12,3.75,3417.06,3.9,1717.16,3.7,4687.63,3.95,3416.11,2.06,2.04,11072.56,2.06,1445.68,2.02,10661.59,2.08,8208.3,2.0,15782.42,2.1,7356.47,3.95,3.9,2816.94,4.0,3976.13,3.85,3246.06,4.1,5820.67,3.8,2617.21,,
15,2023-04-26T18:27:13.150Z,502951.2254753502,441415.0948753702,3.85,3.8,2401.84,3.85,1087.91,3.75,3699.4,3.9,1608.81,3.7,4186.28,3.95,3418.65,2.04,2.04,11409.09,2.06,1958.44,2.02,18829.15,2.08,4767.35,2.0,22622.69,2.1,13133.78,3.95,3.9,3240.76,4.0,3795.87,3.85,3299.77,4.1,5684.27,3.8,2685.71,4.2,7302.56
14,2023-04-26T18:29:08.694Z,506576.439438307,442880.59595127887,3.85,3.8,2721.53,3.9,1856.27,3.75,5749.47,3.95,3345.77,3.7,1806.08,,,2.06,2.04,11034.24,2.06,5372.04,2.02,16573.53,2.08,7858.25,2.0,25139.52,2.1,13593.75,3.95,3.95,239.8,4.0,3711.39,3.9,2269.96,4.1,6024.65,3.85,4793.58,4.2,6700.04
13,2023-04-26T18:30:42.003Z,508978.3403790244,438683.5501892748,3.9,3.85,275.94,3.9,1470.74,3.8,2781.65,3.95,4009.99,3.75,6182.72,4.0,3574.01,2.06,2.04,11249.65,2.06,6148.69,2.02,16257.03,2.08,9147.08,2.0,24768.36,2.1,13346.77,3.95,3.9,2886.87,4.0,3773.06,3.85,4595.68,4.1,6339.37,3.8,2283.12,4.2,6429.19
12,2023-04-26T18:32:18.837Z,512265.50623179856,434153.8496868242,3.85,3.85,786.05,3.9,1355.77,3.8,2790.65,3.95,3538.74,3.75,6470.38,4.0,3480.67,2.04,2.04,10902.67,2.06,7997.2,2.02,15333.7,2.08,9519.25,2.0,25397.6,2.1,13659.19,3.95,3.95,177.41,4.0,4299.54,3.9,2426.18,4.1,6129.24,3.85,4251.86,4.2,6112.68
11,2023-04-26T18:33:12.282Z,513244.4718706466,432840.8941712715,3.9,3.85,778.47,3.9,1351.64,3.8,2790.65,3.95,3304.31,3.75,6807.36,4.0,3477.76,2.06,2.04,10418.43,2.06,8052.39,2.02,14772.9,2.08,9710.07,2.0,26104.9,2.1,13765.24,4.0,3.95,215.91,4.0,4257.85,3.9,2264.8,4.1,6387.24,3.85,4194.93,4.2,6446.31
10,2023-04-26T18:32:21.033Z,512270.34853433457,434024.90651545615,3.85,3.85,786.05,3.9,1355.77,3.8,2790.65,3.95,3538.74,3.75,6470.38,4.0,3480.67,2.04,2.04,10900.25,2.06,7997.2,2.02,15333.7,2.08,9519.25,2.0,25397.6,2.1,13659.19,3.95,3.95,177.41,4.0,4299.54,3.9,2426.18,4.1,6129.24,3.85,4251.86,4.2,6112.68
9,2023-04-26T18:33:50.408Z,514963.4149306999,433837.5786550434,3.85,3.85,614.64,3.9,1037.9,3.8,2790.65,3.95,3319.34,3.75,6866.38,4.0,3639.78,2.04,2.04,11508.45,2.06,6080.94,2.02,14852.44,2.08,9420.09,2.0,25926.04,2.1,13862.77,3.95,3.9,2194.84,4.0,4029.01,3.85,4279.82,4.1,6690.77,3.8,2071.36,4.2,6141.62
8,2023-04-26T18:36:34.821Z,547302.2795258156,436476.51986529154,3.85,3.8,1307.1,3.85,2454.66,3.75,5045.3,3.9,4296.45,3.7,1177.59,3.95,4173.44,2.08,2.06,9105.99,2.08,4089.67,2.04,22511.46,2.1,9169.61,2.02,22438.72,2.12,6142.75,3.95,3.9,3045.97,3.95,2474.05,3.85,5374.74,4.0,4765.02,3.8,819.67,4.1,6953.62
7,2023-04-26T18:34:39.976Z,528885.2116748358,442718.4836260081,3.85,3.8,2168.43,3.85,1422.1,3.75,5831.96,3.9,5125.57,3.7,2478.62,3.95,1339.25,2.06,2.06,6068.23,2.08,6843.62,2.04,14738.32,2.1,13490.33,2.02,22981.98,2.12,14466.54,3.95,3.9,2593.19,3.95,3127.25,3.85,4603.84,4.0,5545.93,3.8,3172.12,4.1,5000.47
6,2023-04-26T18:36:34.821Z,547302.2795258156,436694.9897908977,3.85,3.8,1418.91,3.85,2454.66,3.75,5045.3,3.9,4296.45,3.7,1177.59,3.95,4173.44,2.08,2.06,9105.99,2.08,4089.67,2.04,22511.46,2.1,9169.61,2.02,22438.72,2.12,6343.17,3.95,3.9,3045.97,3.95,2474.05,3.85,5374.74,4.0,4871.24,3.8,819.67,4.1,6849.99
5,2023-04-26T18:39:31.457Z,568916.0986723499,420493.6194470553,3.75,3.75,1506.69,3.8,504.81,3.7,801.12,3.85,4508.67,3.65,3969.78,3.9,1032.61,2.1,2.08,4234.6,2.1,7304.21,2.06,12655.65,2.12,6655.15,2.04,23803.48,2.14,19700.52,3.95,3.9,2709.31,3.95,2294.89,3.85,3234.22,4.0,4801.93,3.8,1040.63,4.1,4511.71
4,2023-04-26T18:38:20.872Z,565057.6176467207,428058.5185095114,3.8,3.8,600.08,3.85,5159.48,3.75,1463.7,3.9,1404.98,3.7,1184.99,3.95,4037.84,2.08,2.08,4643.18,2.1,9689.25,2.06,11778.8,2.12,5809.55,2.04,24887.92,2.14,21543.0,3.95,3.9,2487.45,3.95,2960.93,3.85,3269.27,4.0,4758.25,3.8,925.76,4.1,4900.33
3,2023-04-26T18:40:02.714Z,570412.4531149957,419849.1485329464,3.75,3.75,1377.64,3.85,4035.68,3.7,1562.58,3.9,2036.64,3.65,3315.18,,,2.1,2.08,4133.59,2.1,7005.11,2.06,10394.37,2.12,7625.74,2.04,25248.69,2.14,20858.39,3.95,3.9,2750.0,3.95,2180.79,3.85,3346.18,4.0,4703.37,3.8,970.46,4.1,4733.73
2,2023-04-26T18:40:02.107Z,570362.7386209957,419768.0933635499,3.8,3.75,1383.29,3.85,4035.68,3.7,1555.47,3.9,1997.11,3.65,3315.18,,,2.1,2.08,4133.59,2.1,7015.2,2.06,10394.37,2.12,7552.33,2.04,25248.69,2.14,20960.38,3.95,3.9,2710.47,3.95,2200.0,3.85,3346.18,4.0,4708.66,3.8,970.46,4.1,4727.31
1,2023-04-26T18:43:00.292Z,590717.4234410737,409990.3874394586,3.8,3.8,167.12,3.85,1515.12,3.75,1840.36,3.9,3754.23,3.7,1830.05,3.95,3068.44,2.06,2.06,7645.55,2.08,1212.86,2.04,16133.04,2.1,6536.83,2.02,18538.89,2.12,8928.22,3.9,3.9,2913.52,3.95,2260.01,3.85,3636.35,4.0,3304.52,3.8,690.16,4.1,5815.92
0,2023-04-26T18:44:17.308Z,595505.9338148144,411117.1059869989,3.8,3.8,184.69,3.85,736.87,3.75,1943.49,3.9,2724.14,3.7,4188.27,3.95,3304.6,2.06,2.06,6801.61,2.08,5976.88,2.04,9536.84,2.1,4896.99,2.02,18475.14,2.12,3240.29,3.95,3.9,2112.58,3.95,1102.46,3.85,3230.51,4.0,2880.74,3.8,744.0,4.1,4819.68
0,2023-04-26T18:43:02.985Z,590757.269895598,411444.1088521912,3.8,3.8,174.62,3.85,1515.12,3.75,1840.36,3.9,3769.16,3.7,1830.05,3.95,3799.42,2.06,2.06,9060.9,2.08,1212.86,2.04,16143.09,2.1,6550.4,2.02,18559.67,2.12,8928.1,3.9,3.9,2920.76,3.95,2260.01,3.85,3636.35,4.0,3311.64,3.8,690.16,4.1,5815.92
